id,year_birth,education,marital_status,income,kidhome,teenhome,dt_customer,recency,mntwines,mntfruits,mntmeatproducts,mntfishproducts,mntsweetproducts,mntgoldprods,numdealspurchases,numwebpurchases,numcatalogpurchases,numstorepurchases,numwebvisitsmonth,acceptedcmp3,acceptedcmp4,acceptedcmp5,acceptedcmp1,acceptedcmp2,complain,z_costcontact,z_revenue,response
5524,1957,Graduation,Single,58138.0,0,0,2012-04-09,58,635,88,546,172,88,88,3,8,10,4,7,0,0,0,0,0,0,3,11,1
2174,1954,Graduation,Single,46344.0,1,1,2014-08-03,38,11,1,6,2,1,6,2,1,1,2,5,0,0,0,0,0,0,3,11,0
6182,1984,Graduation,Together,26646.0,1,0,2014-10-02,26,11,4,20,10,3,5,2,2,0,4,6,0,0,0,0,0,0,3,11,0
7446,1967,Master,Together,62513.0,0,1,2013-09-09,16,520,42,98,0,42,14,2,6,4,10,6,0,0,0,0,0,0,3,11,0
6177,1985,PhD,Married,33454.0,1,0,2013-08-05,32,76,10,56,3,1,23,2,4,0,4,8,0,0,0,0,0,0,3,11,0
4855,1974,PhD,Together,30351.0,1,0,2013-06-06,19,14,0,24,3,3,2,1,3,0,2,9,0,0,0,0,0,0,3,11,1
2569,1987,Graduation,Married,17323.0,0,0,2012-10-10,38,3,14,17,6,1,5,1,1,0,3,8,0,0,0,0,0,0,3,11,0
2278,1985,2n Cycle,Single,33812.0,1,0,2012-03-11,86,4,17,19,30,24,39,2,2,1,3,6,0,0,0,0,0,0,3,11,0
9360,1982,Graduation,Married,37040.0,0,0,2012-08-08,41,86,2,73,69,38,48,1,4,2,5,8,0,0,0,0,0,0,3,11,0
5376,1979,Graduation,Married,2447.0,1,0,2013-06-01,42,1,1,1725,1,1,1,15,0,28,0,1,0,0,0,0,0,0,3,11,0
4047,1954,PhD,Married,65324.0,0,1,2014-11-01,0,384,0,102,21,32,5,3,6,2,9,4,0,0,0,0,0,0,3,11,0
7892,1969,Graduation,Single,18589.0,0,0,2013-02-01,89,6,4,25,15,12,13,2,2,1,3,7,0,0,0,0,0,0,3,11,0
3033,1963,Master,Together,38620.0,0,0,2013-11-05,56,112,17,44,34,22,89,1,2,5,3,3,0,0,0,0,0,0,3,11,0
5710,1970,Graduation,Together,40548.0,0,1,2012-10-10,31,110,0,5,2,0,3,2,2,1,4,5,0,1,0,0,0,0,3,11,0
10755,1976,2n Cycle,Married,23718.0,1,0,2013-02-09,76,6,3,14,15,7,36,3,3,1,2,7,0,0,0,0,0,0,3,11,0
8595,1973,Graduation,Widow,42429.0,0,1,2014-11-02,99,55,0,6,2,0,4,2,1,1,3,5,0,0,0,0,0,0,3,11,0
2968,1943,PhD,Divorced,48948.0,0,0,2013-01-02,53,437,8,206,160,49,42,2,7,10,5,6,1,0,0,0,0,0,3,11,1
503,1985,Master,Married,20559.0,1,0,2013-12-03,88,13,1,29,3,0,7,2,2,0,3,8,0,0,0,0,0,0,3,11,0
2139,1975,Master,Married,7500.0,1,0,2013-02-10,19,3,1,10,3,2,12,3,2,0,3,5,0,0,0,0,0,0,3,11,0
9909,1996,2n Cycle,Married,7500.0,0,0,2012-09-11,24,3,18,14,15,22,50,3,3,1,3,9,0,0,0,0,0,0,3,11,1
6566,1954,PhD,Married,72550.0,1,1,2012-08-11,39,826,50,317,50,38,38,9,5,2,12,8,0,0,0,0,0,0,3,11,0
8614,1957,Graduation,Widow,65486.0,0,1,2014-12-05,29,245,19,125,37,67,14,1,4,2,10,2,0,0,0,0,0,0,3,11,0
4114,1964,Master,Married,79143.0,0,0,2012-11-08,2,650,37,780,27,167,32,1,6,9,13,3,0,0,0,0,0,0,3,11,0
1331,1977,Graduation,Single,35790.0,1,0,2013-02-01,54,12,6,20,30,1,3,2,2,0,3,7,0,0,0,0,0,0,3,11,0
2225,1977,Graduation,Divorced,82582.0,0,0,2014-07-06,54,510,120,550,156,40,241,1,4,9,7,1,1,0,0,1,0,0,3,11,1
9381,1978,Graduation,Married,66373.0,1,1,2013-12-06,57,328,9,124,12,24,109,7,4,2,10,3,0,0,0,0,0,0,3,11,0
10383,1966,Graduation,Divorced,70287.0,0,0,2013-02-04,30,295,35,482,121,120,40,1,5,5,10,3,0,0,0,0,0,0,3,11,1
8375,1968,PhD,Married,55954.0,0,1,2014-03-03,63,447,0,28,0,0,43,3,8,2,6,7,0,0,0,0,0,0,3,11,0
6853,1982,Master,Single,75777.0,0,0,2013-04-07,12,712,26,538,69,13,80,1,3,6,11,1,0,1,1,0,0,0,3,11,1
3076,1975,Graduation,Together,66653.0,1,1,2012-07-09,18,452,18,102,16,18,6,4,4,2,12,3,0,0,0,0,0,0,3,11,0
6518,1951,PhD,Widow,67680.0,0,1,2013-11-06,8,546,0,48,0,6,6,1,7,3,8,5,0,0,0,0,0,0,3,11,0
4137,1948,Graduation,Together,70666.0,0,0,2013-06-12,29,398,40,367,119,122,30,1,7,4,4,4,0,0,0,0,0,0,3,11,0
1386,1967,Graduation,Together,32474.0,1,1,2014-11-05,0,10,0,1,0,0,0,1,1,0,2,7,0,0,0,0,0,0,3,11,0
1357,1970,Graduation,Together,74854.0,1,2,2013-08-04,90,856,59,487,58,29,73,7,2,5,5,5,0,0,0,0,0,0,3,11,0
1402,1954,Master,Married,66991.0,0,0,2012-11-09,1,496,36,460,189,60,12,3,4,8,6,3,0,0,0,0,0,0,3,11,0
8132,1975,PhD,Married,60631.0,1,1,2013-05-04,88,565,6,65,0,6,19,5,9,2,8,7,0,1,0,0,0,0,3,11,0
7503,1976,Graduation,Single,75825.0,0,0,2012-12-10,40,1032,105,779,137,105,51,0,5,8,9,4,1,0,0,0,0,0,3,11,1
10401,1976,2n Cycle,Together,26326.0,0,0,2013-04-09,12,1,0,5,0,3,9,1,0,0,3,3,0,0,0,0,0,1,3,11,0
1618,1965,Graduation,Together,56046.0,0,0,2013-02-01,9,577,0,64,0,0,51,2,10,1,8,8,1,0,0,0,0,0,3,11,1
5346,1973,2n Cycle,Married,23559.0,1,0,2013-03-07,87,25,5,19,7,0,23,3,3,0,3,7,0,0,0,0,0,0,3,11,0
4119,1963,Master,Together,38620.0,0,0,2013-11-05,56,112,17,44,34,22,89,1,2,5,3,3,0,0,0,0,0,0,3,11,0
5268,1960,Graduation,Married,29440.0,1,1,2013-11-08,95,17,8,14,10,4,3,2,1,0,4,7,0,0,0,0,0,0,3,11,0
8504,1973,Graduation,Married,79593.0,0,0,2014-12-05,70,350,60,568,110,133,145,1,5,6,7,2,0,0,1,0,0,0,3,11,0
11100,1972,Graduation,Divorced,51813.0,1,1,2013-11-04,37,51,2,7,0,1,2,2,2,0,3,7,0,0,0,0,0,0,3,11,0
4646,1951,2n Cycle,Married,78497.0,0,0,2013-01-12,44,207,26,447,75,0,223,1,5,7,12,2,0,0,0,1,0,0,3,11,0
8908,1959,Graduation,Married,87195.0,0,0,2014-08-05,35,217,76,690,50,26,38,1,3,11,5,1,0,0,0,0,0,0,3,11,1
8373,1979,Basic,Together,24594.0,1,0,2013-10-12,94,1,3,6,10,0,9,1,1,0,3,5,0,0,0,0,0,0,3,11,0
2683,1969,Graduation,Married,52413.0,0,2,2013-02-02,56,295,106,271,75,98,65,4,6,4,12,6,0,0,0,0,0,0,3,11,0
10991,1960,Master,Married,89058.0,0,0,2012-07-12,18,454,194,106,31,22,43,1,5,4,4,2,0,0,0,0,0,0,3,11,0
5077,1979,Graduation,Together,77298.0,0,1,2013-02-11,46,425,115,292,23,35,79,1,6,6,11,3,0,0,0,0,0,0,3,11,0
7431,1991,PhD,Single,68126.0,0,0,2012-10-11,40,1332,17,311,23,51,86,1,7,4,5,9,0,1,0,0,0,0,3,11,1
999,1991,Graduation,Single,86037.0,0,0,2013-02-01,95,490,44,125,29,20,22,1,6,7,11,3,0,1,1,0,0,0,3,11,1
9215,1980,PhD,Married,43974.0,1,0,2012-12-12,19,378,0,101,0,0,72,5,6,4,6,7,0,0,0,0,0,0,3,11,0
2286,1962,Graduation,Single,50785.0,1,1,2013-10-09,27,64,1,21,0,1,27,2,2,1,3,6,0,0,0,0,0,0,3,11,0
5234,1967,2n Cycle,Together,30753.0,1,1,2013-11-07,85,12,5,25,0,9,30,2,1,1,3,5,0,0,0,0,0,0,3,11,0
8442,1985,Master,Married,19510.0,2,0,2013-04-09,63,9,0,7,3,4,7,2,1,0,3,7,0,0,0,0,0,0,3,11,0
7215,1983,Graduation,Single,101970.0,0,0,2013-12-03,69,722,27,102,44,72,168,0,6,8,13,2,0,1,1,1,0,0,3,11,1
3381,1953,Master,Married,54348.0,1,1,2014-08-06,51,70,0,16,0,0,4,2,2,0,4,6,0,0,0,0,0,0,3,11,0
11051,1956,PhD,Together,77376.0,1,1,2014-10-05,72,492,19,110,16,12,12,4,6,3,10,4,0,0,0,0,0,0,3,11,0
433,1958,Master,Alone,61331.0,1,1,2013-10-03,42,534,5,47,0,5,41,5,11,1,6,8,0,0,0,0,0,0,3,11,0
9597,1969,Graduation,Married,73448.0,0,0,2014-10-02,10,236,106,189,23,41,130,1,7,2,9,4,0,0,0,0,0,0,3,11,0
5342,1976,Basic,Divorced,9548.0,1,0,2012-08-08,31,0,1,3,10,6,9,2,1,0,3,8,0,0,0,0,0,0,3,11,0
9579,1959,PhD,Married,33762.0,2,1,2013-07-07,61,53,1,34,2,0,16,3,2,2,2,8,0,0,0,0,0,0,3,11,0
7987,1969,Graduation,Married,65747.0,0,1,2014-07-03,96,346,17,48,23,13,13,4,8,1,6,6,0,1,0,0,0,0,3,11,0
92,1988,Graduation,Alone,34176.0,1,0,2014-12-05,12,5,7,24,19,14,20,4,3,0,4,6,0,0,0,0,0,0,3,11,0
7055,1952,PhD,Together,61010.0,0,1,2012-09-10,57,888,0,57,0,0,76,2,8,5,11,5,0,0,0,0,0,0,3,11,0
3025,1958,Graduation,Single,49967.0,0,1,2013-08-07,4,212,6,69,4,12,3,3,6,1,5,7,0,0,0,0,0,0,3,11,0
9283,1978,Graduation,Single,60199.0,1,2,2013-12-09,49,8,1,7,2,0,0,1,0,0,3,4,0,0,0,0,0,0,3,11,0
2795,1958,Master,Single,30523.0,2,1,2013-01-07,0,5,0,3,0,0,5,1,1,0,2,7,0,0,0,0,0,0,3,11,0
9260,1945,PhD,Married,70356.0,0,0,2012-05-11,20,1349,16,249,43,16,33,2,10,6,9,6,0,0,0,0,0,0,3,11,0
8182,1984,Graduation,Married,23228.0,1,0,2014-05-01,91,53,3,49,7,4,5,4,3,0,4,8,0,0,0,0,0,0,3,11,0
10095,1975,PhD,Divorced,74165.0,0,0,2013-01-05,9,1001,12,240,16,12,12,1,5,4,10,2,0,0,0,0,0,0,3,11,0
8475,1973,PhD,Married,157243.0,0,1,2014-01-03,98,20,2,1582,1,2,1,15,0,22,0,0,0,0,0,0,0,0,3,11,0
6637,1988,Graduation,Single,66951.0,0,0,2013-02-11,46,277,162,305,173,76,124,1,3,4,7,1,0,0,0,0,0,0,3,11,0
641,1967,Graduation,Single,52074.0,0,1,2014-04-04,77,59,0,12,0,0,48,1,2,2,2,4,1,0,0,0,0,0,3,11,0
8717,1975,PhD,Married,80427.0,0,1,2012-12-09,56,1149,71,449,69,71,26,1,11,8,8,5,0,0,0,0,0,0,3,11,0
6935,1951,2n Cycle,Married,78497.0,0,0,2013-01-12,44,207,26,447,75,0,223,1,5,7,12,2,0,0,0,1,0,0,3,11,0
7698,1976,PhD,Married,51650.0,0,1,2014-11-05,81,152,3,22,2,5,7,1,4,1,4,5,0,0,0,0,0,0,3,11,0
3559,1988,2n Cycle,Married,16248.0,1,0,2014-10-05,77,12,11,10,3,12,9,3,2,1,3,6,0,0,0,0,0,0,3,11,0
3518,1983,Graduation,Married,25271.0,1,0,2012-05-12,45,10,1,18,10,4,7,1,1,1,2,9,0,0,0,0,0,0,3,11,0
5823,1970,PhD,Single,32303.0,0,1,2014-08-03,63,35,0,2,0,0,2,2,1,0,4,5,0,0,0,0,0,0,3,11,0
3934,1966,Graduation,Married,61286.0,0,1,2013-02-08,34,356,0,107,19,9,117,2,7,1,8,5,0,0,0,0,0,0,3,11,0
9733,1978,Basic,Together,24882.0,1,0,2012-09-09,52,1,4,10,29,0,36,1,1,1,2,6,1,0,0,0,0,0,3,11,0
10424,1968,Graduation,Single,75922.0,0,0,2013-09-12,60,265,138,553,224,23,92,1,4,4,9,1,0,0,0,0,0,0,3,11,0
2798,1977,PhD,Together,102160.0,0,0,2012-02-11,54,763,29,138,76,176,58,0,7,9,10,4,0,1,1,1,0,0,3,11,1
624,1984,Master,Single,18890.0,0,0,2012-10-11,5,6,4,1,7,2,15,1,0,1,2,6,1,0,0,0,0,0,3,11,1
5176,1988,Graduation,Together,29604.0,1,0,2013-08-12,88,7,6,13,7,6,14,1,1,0,3,9,1,0,0,0,0,0,3,11,0
868,1966,Graduation,Married,44794.0,0,1,2014-08-06,99,54,0,7,0,0,4,1,2,0,3,6,0,0,0,0,0,0,3,11,0
380,1954,Graduation,Divorced,64497.0,0,1,2012-10-09,17,1170,48,320,42,32,192,5,11,4,9,8,1,0,0,0,0,0,3,11,1
6927,1968,PhD,Married,44377.0,1,1,2012-05-10,70,224,0,30,0,0,10,8,5,1,5,8,0,0,0,0,0,0,3,11,0
0,1985,Graduation,Married,70951.0,0,0,2013-04-05,66,239,10,554,254,87,54,1,3,4,9,1,0,0,0,0,0,0,3,11,0
1584,1977,Graduation,Married,41443.0,1,0,2014-01-04,79,171,7,171,25,19,89,6,8,1,5,8,0,0,0,0,0,0,3,11,0
7264,1978,2n Cycle,Single,52195.0,2,1,2014-12-05,2,12,0,4,0,0,1,1,1,0,2,8,0,0,0,0,0,0,3,11,0
1755,1988,2n Cycle,Together,45204.0,1,0,2014-11-04,93,30,11,25,29,1,18,1,1,1,4,3,0,0,0,0,0,0,3,11,0
9076,1980,PhD,Married,30732.0,1,0,2013-05-01,44,155,1,25,0,1,3,4,4,1,4,8,0,0,0,0,0,0,3,11,0
7079,1962,Graduation,Divorced,63887.0,0,1,2012-08-09,38,897,23,207,15,11,92,5,9,6,12,6,0,0,0,0,0,0,3,11,0
709,1952,Graduation,Divorced,51537.0,0,1,2012-09-12,27,787,20,204,0,0,92,3,2,2,11,8,0,0,0,0,0,0,3,11,0
460,1972,PhD,Married,79930.0,0,0,2012-08-08,72,792,86,740,67,51,17,1,3,5,8,2,0,0,0,0,0,0,3,11,0
5341,1962,2n Cycle,Divorced,81975.0,0,1,2013-05-01,2,983,76,184,180,138,27,1,6,3,4,7,0,0,1,0,0,0,3,11,0
89,1975,2n Cycle,Married,22212.0,1,0,2013-09-12,49,5,9,20,6,8,21,2,2,0,4,6,0,0,0,0,0,0,3,11,0
2936,1982,Master,Together,23661.0,1,0,2013-04-12,46,18,0,4,0,0,1,1,1,0,3,7,0,0,0,0,0,0,3,11,0
9449,1958,PhD,Single,79761.0,0,1,2013-04-10,32,415,5,124,15,35,11,1,5,2,11,3,0,0,0,0,0,0,3,11,0
7411,1964,PhD,Married,31686.0,1,1,2014-05-06,31,11,0,5,0,0,1,2,1,0,3,6,0,0,0,0,0,0,3,11,0
9265,1953,Graduation,Married,75027.0,0,1,2013-09-01,74,925,64,179,133,12,77,2,9,4,6,5,0,0,0,0,0,0,3,11,0
10089,1974,Graduation,Divorced,102692.0,0,0,2013-05-04,5,168,148,444,32,172,148,1,6,9,13,2,0,1,1,1,1,0,3,11,1
2661,1964,Graduation,Single,18701.0,1,1,2013-04-06,95,12,4,2,10,6,10,4,2,0,4,5,0,0,0,0,0,0,3,11,0
3153,1957,PhD,Single,40737.0,2,1,2013-08-12,24,11,0,4,0,0,2,1,1,0,2,8,0,0,0,0,0,0,3,11,0
10264,1979,Graduation,Divorced,15287.0,1,0,2012-10-10,60,1,2,8,4,3,13,2,1,1,2,7,1,0,0,0,0,0,3,11,1
2387,1952,Master,Together,43776.0,1,1,2013-03-02,9,177,2,71,3,2,20,6,5,2,4,8,0,0,0,0,0,0,3,11,1
4557,1970,Graduation,Together,22070.0,1,0,2013-04-10,11,10,7,19,8,2,21,2,2,2,2,6,0,0,0,0,0,0,3,11,0
3066,1975,PhD,Together,61905.0,0,1,2014-04-02,2,167,0,43,6,2,13,2,4,2,4,5,0,0,0,0,0,0,3,11,0
6336,1960,Graduation,Married,29315.0,1,1,2014-06-04,55,13,2,14,8,7,4,4,2,0,4,6,0,0,0,0,0,0,3,11,0
10967,1963,Graduation,Divorced,33378.0,1,1,2013-06-02,38,33,6,40,3,7,10,3,2,0,4,7,0,0,0,0,0,0,3,11,0
3762,1986,PhD,Single,69867.0,0,0,2013-02-04,30,196,0,512,33,130,54,1,3,5,8,1,0,0,0,1,0,0,3,11,1
4669,1981,Basic,Married,24480.0,1,0,2013-11-02,46,4,19,9,28,25,17,3,3,0,4,7,0,0,0,0,0,0,3,11,0
1672,1974,PhD,Together,65640.0,0,1,2014-01-03,74,204,7,149,20,15,66,1,5,1,8,2,0,0,0,0,0,0,3,11,0
9974,1974,Graduation,Married,30631.0,1,0,2013-12-07,75,15,6,20,4,5,20,1,3,1,2,7,0,0,0,0,0,0,3,11,0
8148,1956,Master,Together,50898.0,1,1,2013-08-01,88,285,28,242,55,114,135,13,6,2,12,5,0,0,0,0,0,0,3,11,0
10102,1966,Graduation,Widow,79946.0,0,0,2014-12-05,19,395,183,565,166,141,28,1,5,11,5,3,0,0,0,0,0,0,3,11,0
9262,1984,2n Cycle,Together,32414.0,0,0,2013-04-07,11,20,6,5,0,9,12,1,1,0,3,7,1,0,0,0,0,0,3,11,0
10451,1965,Graduation,Together,29672.0,1,1,2013-12-03,6,9,1,3,0,4,8,1,0,0,3,6,0,0,0,0,0,0,3,11,0
2874,1988,2n Cycle,Divorced,35388.0,1,0,2013-07-03,20,6,4,7,4,3,8,1,1,0,3,7,0,0,0,0,0,0,3,11,0
7119,1982,Graduation,Single,68627.0,0,0,2013-12-01,45,395,15,263,60,54,38,1,2,3,6,1,0,0,0,0,0,0,3,11,0
5596,1956,2n Cycle,Together,58821.0,0,1,2013-12-10,44,513,14,154,19,0,28,1,9,2,9,6,0,0,0,0,0,0,3,11,0
10812,1978,PhD,Married,46377.0,1,0,2014-01-03,89,37,0,46,4,3,0,1,2,1,3,4,0,0,0,0,0,0,3,11,0
6963,1947,Graduation,Single,77457.0,0,0,2014-05-03,85,675,11,400,15,45,11,1,2,5,10,1,0,0,1,0,0,0,3,11,0
4440,1964,Master,Married,64100.0,0,1,2013-10-09,93,509,0,27,0,0,10,1,8,3,6,7,0,1,0,0,0,0,3,11,0
6320,1976,Master,Single,70893.0,0,0,2013-06-02,42,768,44,561,77,44,14,1,6,6,10,3,0,0,0,0,0,0,3,11,0
231,1956,Master,Together,28839.0,1,1,2014-11-03,86,24,0,7,0,0,1,2,2,0,3,5,0,0,0,0,0,0,3,11,0
520,1974,Graduation,Married,34421.0,1,0,2013-01-07,81,3,3,7,6,2,9,1,1,0,2,7,0,0,0,0,0,0,3,11,0
8275,1965,PhD,Divorced,47025.0,1,1,2014-09-02,6,16,0,3,0,0,1,1,1,0,2,7,0,0,0,0,0,0,3,11,0
9750,1961,PhD,Divorced,64325.0,0,1,2013-07-02,41,731,60,353,78,12,73,5,10,3,5,7,0,0,0,0,0,0,3,11,0
2607,1953,Graduation,Single,40464.0,0,1,2013-11-01,78,424,17,118,7,23,41,6,8,2,8,8,0,0,0,0,0,0,3,11,0
7214,1957,Graduation,Married,62187.0,0,0,2013-05-07,49,792,0,275,45,45,126,1,4,8,5,3,0,0,0,0,0,0,3,11,0
5835,1976,PhD,Divorced,14849.0,1,0,2013-02-07,39,21,2,28,3,2,9,3,2,0,4,8,0,0,0,0,0,0,3,11,0
3896,1984,Graduation,Married,27255.0,1,0,2013-07-11,3,22,1,11,0,1,2,1,1,0,3,7,0,0,0,0,0,0,3,11,0
10350,1950,PhD,Married,54432.0,2,1,2013-09-05,37,33,0,5,0,0,0,1,1,0,3,4,0,0,0,0,0,0,3,11,0
663,1989,PhD,Single,33996.0,0,0,2013-11-09,46,40,2,15,8,0,6,1,1,1,3,4,0,0,0,0,0,0,3,11,0
10675,1956,PhD,Married,66334.0,0,1,2013-03-04,82,909,11,218,0,0,23,2,9,3,5,5,0,0,0,0,0,0,3,11,1
2521,1971,Master,Married,35178.0,1,0,2013-10-01,10,23,1,13,2,2,18,1,1,1,2,7,1,0,0,0,0,0,3,11,1
10151,1960,Graduation,Divorced,62204.0,0,2,2012-12-09,38,317,46,247,151,46,139,1,4,5,12,3,0,0,0,0,0,0,3,11,0
7381,1968,Graduation,Divorced,75693.0,0,0,2012-06-12,10,797,153,293,72,97,30,1,11,4,6,4,0,1,1,1,0,0,3,11,1
4099,1972,Graduation,Married,30675.0,1,0,2012-12-11,14,10,2,16,11,2,21,1,1,0,3,8,0,0,0,0,0,0,3,11,0
9560,1965,Graduation,Together,83003.0,0,0,2013-03-03,18,856,61,570,40,25,122,1,7,6,8,3,0,0,1,0,0,0,3,11,1
10172,1988,Graduation,Single,68655.0,0,0,2012-10-08,95,456,19,832,75,118,38,1,4,5,11,3,0,0,0,0,0,0,3,11,0
11191,1986,Graduation,Divorced,41411.0,0,0,2013-07-12,11,37,32,38,11,3,18,1,2,1,4,6,0,0,0,0,0,0,3,11,0
1411,1952,Graduation,Divorced,82623.0,0,0,2013-10-11,58,204,34,204,172,153,173,1,2,9,4,1,0,0,0,0,0,0,3,11,0
11030,1976,Master,Married,33181.0,1,0,2014-03-01,90,9,0,3,0,0,4,1,1,0,2,6,1,0,0,0,0,0,3,11,0
175,1986,Graduation,Married,71952.0,1,0,2013-10-01,93,656,80,455,52,107,93,2,8,4,8,4,1,0,1,0,0,0,3,11,0
2061,1955,Graduation,Married,50737.0,0,1,2013-11-05,61,78,0,11,0,0,10,1,2,0,4,6,0,1,0,0,0,0,3,11,0
6184,1969,PhD,Married,68462.0,0,0,2012-12-12,6,561,64,785,84,128,48,1,3,3,8,1,0,0,0,0,0,0,3,11,0
4107,1948,PhD,Together,46681.0,0,2,2013-08-10,52,269,15,69,15,19,38,2,4,6,4,5,0,0,0,0,0,0,3,11,0
2928,1975,PhD,Single,52614.0,0,1,2012-01-12,63,789,0,142,12,9,38,2,2,4,8,8,0,0,0,0,0,0,3,11,0
1245,1966,Graduation,Single,63810.0,0,1,2012-11-11,45,977,12,253,16,12,101,4,4,3,12,8,0,1,0,0,0,0,3,11,0
1729,1961,PhD,Together,66426.0,0,1,2013-02-10,14,1043,24,97,32,24,157,2,3,5,10,6,0,0,0,0,0,0,3,11,0
2098,1969,PhD,Married,33581.0,2,0,2013-08-01,38,11,0,5,0,0,1,1,1,0,2,8,0,0,0,0,0,0,3,11,0
6878,1954,Graduation,Widow,27421.0,0,0,2012-12-12,14,43,12,96,78,40,55,3,4,1,6,7,0,0,0,0,0,0,3,11,0
6202,1960,Graduation,Together,63381.0,0,1,2012-05-10,78,571,50,142,33,50,159,4,4,5,13,2,0,0,0,0,0,0,3,11,0
9799,1968,PhD,Divorced,83664.0,1,1,2013-08-05,57,866,21,151,28,21,86,3,2,2,12,5,0,0,0,0,0,0,3,11,0
8318,1979,Graduation,Together,90300.0,0,0,2014-03-01,7,594,134,786,33,134,57,0,5,6,8,1,0,0,1,0,0,0,3,11,0
5642,1979,Master,Together,62499.0,1,0,2013-09-12,0,140,4,61,0,13,4,2,3,1,6,4,0,0,0,0,0,0,3,11,0
2669,1993,Graduation,Single,74293.0,0,0,2014-04-05,66,375,152,335,93,91,81,1,5,4,6,2,0,0,0,0,0,0,3,11,0
3428,1991,PhD,Together,68682.0,0,0,2013-06-10,56,919,0,505,99,30,45,1,4,9,10,2,0,0,0,0,0,0,3,11,0
8213,1980,2n Cycle,Together,14515.0,1,0,2012-09-11,71,6,4,9,6,36,35,4,2,2,3,7,0,0,0,0,0,0,3,11,1
615,1960,Graduation,Together,30507.0,0,0,2013-11-03,29,65,36,74,38,20,110,1,5,1,4,7,0,0,0,0,0,0,3,11,0
194,1965,Graduation,Married,48006.0,1,1,2014-09-06,55,23,0,11,3,2,2,1,1,0,3,6,0,0,0,0,0,0,3,11,0
5049,1974,PhD,Together,30351.0,1,0,2013-06-06,19,14,0,24,3,3,2,1,3,0,2,9,0,0,0,0,0,0,3,11,0
10882,1976,Graduation,Married,53858.0,0,1,2012-09-11,50,407,53,221,58,150,26,4,4,3,6,4,0,0,0,0,0,0,3,11,0
8581,1971,Master,Married,49505.0,1,1,2013-05-03,4,604,0,100,19,0,28,9,10,2,8,8,0,0,0,0,0,0,3,11,0
5929,1973,PhD,Married,37401.0,1,0,2014-06-05,14,19,3,19,3,1,3,2,2,0,3,7,0,0,0,0,0,0,3,11,0
6528,1982,Master,Together,18492.0,1,0,2014-05-06,75,2,2,2,2,1,1,1,1,0,2,8,0,0,0,0,0,0,3,11,0
1361,1974,Master,Married,82584.0,0,0,2013-04-06,26,1076,68,103,29,91,68,1,3,4,8,1,0,1,1,0,0,0,3,11,1
7284,1953,Graduation,Married,48686.0,1,2,2013-04-12,8,10,0,7,2,0,1,1,1,0,2,8,0,0,0,0,0,0,3,11,0
8746,1989,Graduation,Married,75433.0,1,0,2014-05-04,28,800,0,297,0,34,57,2,2,5,10,6,0,1,0,1,0,0,3,11,0
5987,1989,2n Cycle,Together,10404.0,1,0,2014-04-05,52,2,2,11,10,6,12,2,1,0,4,5,0,0,0,0,0,0,3,11,0
3725,1961,PhD,Single,84865.0,0,0,2013-09-05,1,1248,16,349,43,16,16,1,2,4,9,4,0,1,1,1,1,0,3,11,1
498,1970,Graduation,Single,30015.0,1,0,2014-02-02,28,25,0,22,2,3,5,2,1,0,4,5,0,0,0,0,0,0,3,11,0
10664,1949,Master,Widow,51529.0,0,1,2013-07-09,14,400,4,35,6,0,22,2,9,1,5,8,0,0,0,0,0,0,3,11,0
456,1986,2n Cycle,Married,7500.0,1,0,2013-07-02,96,1,11,5,4,6,9,2,2,0,3,8,0,0,0,0,0,0,3,11,0
5012,1989,Graduation,Married,28691.0,1,0,2013-04-07,56,5,4,13,8,0,4,1,1,0,3,8,0,0,0,0,0,0,3,11,0
5029,1946,Graduation,Married,18100.0,0,0,2013-06-08,14,3,1,2,4,3,1,1,0,0,3,5,0,0,0,0,0,0,3,11,0
5954,1972,Master,Divorced,42618.0,1,0,2013-09-10,92,76,14,74,13,5,10,2,5,0,4,8,0,0,0,0,0,0,3,11,0
2541,1976,Graduation,Married,24027.0,1,0,2013-09-06,7,14,7,11,11,0,5,2,2,0,3,8,0,0,0,0,0,0,3,11,0
2276,1955,Graduation,Single,57959.0,0,1,2013-02-05,71,430,16,322,43,24,33,5,4,7,11,3,0,0,0,0,0,0,3,11,0
6131,1980,2n Cycle,Married,70829.0,1,1,2013-01-12,87,141,70,106,72,19,23,2,4,2,8,3,0,0,0,0,0,0,3,11,0
6233,1976,Graduation,Married,65991.0,0,1,2012-07-09,21,507,19,364,25,47,9,3,9,5,10,7,0,0,0,0,0,0,3,11,0
3225,1984,Master,Married,42207.0,1,0,2013-01-04,71,116,11,72,3,17,46,4,4,1,5,6,1,0,0,0,0,0,3,11,1
1992,1964,Graduation,Married,60597.0,0,1,2014-01-01,2,522,0,257,32,16,66,4,2,2,8,7,0,0,0,1,0,0,3,11,1
2416,1969,PhD,Single,66582.0,0,0,2014-03-03,83,789,25,420,16,38,0,1,2,8,9,1,0,0,0,0,0,0,3,11,0
9697,1951,Graduation,Married,53790.0,0,2,2014-06-03,86,335,42,127,28,5,5,3,7,2,8,6,0,0,0,0,0,0,3,11,0
1581,1980,Graduation,Married,37406.0,1,0,2013-10-10,18,2,0,8,2,2,3,1,1,0,2,8,0,0,0,0,0,0,3,11,1
564,1981,PhD,Together,56937.0,1,0,2012-04-08,81,746,8,125,11,8,8,7,8,6,9,6,0,1,0,0,0,0,3,11,1
6619,1978,Graduation,Married,38415.0,1,1,2013-02-01,91,22,1,13,4,0,4,2,1,0,3,7,0,0,0,0,0,0,3,11,0
916,1972,PhD,Single,41644.0,1,1,2014-09-05,67,20,3,4,2,0,2,2,1,0,3,3,0,0,0,0,0,0,3,11,0
5154,1972,Master,Divorced,37760.0,1,0,2013-11-08,54,26,3,13,2,10,0,1,2,0,3,6,0,0,0,0,0,0,3,11,0
9286,1960,Master,Together,83151.0,0,0,2012-10-10,93,407,28,100,120,74,18,1,5,9,4,3,0,0,0,0,0,0,3,11,0
22,1976,Graduation,Divorced,46310.0,1,0,2012-03-12,99,185,2,88,15,5,14,2,6,1,5,8,0,0,0,0,0,0,3,11,0
9426,1964,Master,Single,58308.0,0,1,2013-12-01,77,691,0,69,10,0,130,4,2,6,3,8,0,0,0,0,0,0,3,11,0
8737,1978,Graduation,Divorced,55563.0,0,1,2014-05-04,22,29,1,9,2,0,2,1,2,0,3,3,0,0,0,0,0,0,3,11,0
466,1944,Graduation,Married,65275.0,0,0,2013-03-04,9,388,14,218,91,14,21,1,4,3,13,2,0,0,0,0,0,0,3,11,0
9135,1950,Graduation,Together,27203.0,1,1,2012-06-08,92,13,2,21,4,0,24,2,1,1,2,8,0,0,0,0,0,0,3,11,0
4945,1953,Graduation,Widow,53653.0,0,0,2012-07-11,29,815,10,239,28,10,108,2,10,4,12,6,0,0,0,0,0,0,3,11,0
10584,1976,Graduation,Married,65665.0,0,1,2013-02-12,77,225,162,387,106,36,29,1,5,10,8,3,0,0,0,0,0,0,3,11,0
182,1946,PhD,Together,44124.0,0,1,2013-11-05,62,284,0,55,0,6,52,4,6,2,5,8,0,0,0,0,0,0,3,11,0
11025,1961,Graduation,Married,36443.0,1,1,2013-03-02,9,65,0,46,4,3,20,4,3,1,3,8,0,0,0,0,0,0,3,11,0
3711,1944,Master,Married,80184.0,0,0,2014-01-03,19,1035,134,670,25,38,0,1,6,3,10,3,0,0,1,1,0,0,3,11,0
2532,1987,Master,Single,73454.0,0,0,2014-01-03,95,982,73,351,56,14,175,1,2,4,6,5,1,0,0,0,0,0,3,11,0
35,1987,Graduation,Married,25545.0,1,0,2012-08-09,35,32,1,64,16,12,85,3,2,2,3,6,0,0,0,0,0,0,3,11,1
2258,1986,Graduation,Married,32880.0,1,0,2012-04-12,76,8,4,15,7,6,2,1,1,0,3,8,0,0,0,0,0,0,3,11,0
713,1977,Master,Married,50353.0,0,0,2014-08-06,72,141,15,153,67,31,35,1,4,4,6,3,0,0,0,0,0,0,3,11,0
4702,1964,Graduation,Single,61839.0,0,0,2012-12-08,20,1000,155,379,224,17,120,1,4,8,4,8,0,0,0,0,0,0,3,11,0
3281,1960,PhD,Married,49154.0,1,1,2013-03-11,69,206,10,67,30,27,71,6,4,1,8,6,0,0,0,0,0,0,3,11,0
10741,1951,Master,Together,47352.0,0,1,2013-11-04,70,172,12,112,8,0,15,4,6,1,5,7,0,0,0,0,0,0,3,11,0
11096,1952,2n Cycle,Together,57247.0,0,1,2013-08-08,50,99,4,32,37,54,6,2,2,1,7,2,0,0,0,0,0,0,3,11,0
3665,1977,2n Cycle,Together,25315.0,1,0,2013-07-11,46,1,9,8,11,3,22,3,3,0,3,8,0,0,0,0,0,0,3,11,0
10591,1969,Graduation,Widow,43638.0,0,1,2012-06-08,37,63,10,83,7,19,19,2,4,1,4,7,0,0,0,0,0,0,3,11,0
5547,1982,PhD,Married,84169.0,0,0,2013-07-08,9,1478,19,403,0,19,0,1,7,6,6,3,0,1,1,0,0,0,3,11,1
7822,1976,Graduation,Together,54058.0,0,1,2013-04-06,56,198,18,252,32,108,54,2,4,6,8,3,0,0,0,0,0,0,3,11,0
8541,1990,2n Cycle,Married,24683.0,1,0,2014-08-03,98,8,4,10,6,7,6,2,2,0,4,5,0,0,0,0,0,0,3,11,0
10955,1964,Graduation,Widow,85620.0,0,0,2014-07-01,68,416,46,925,60,107,46,1,3,6,4,1,0,0,0,0,0,0,3,11,1
4368,1980,Graduation,Married,47850.0,1,0,2013-03-12,72,42,7,43,20,12,10,1,3,0,4,6,0,0,0,0,0,0,3,11,0
5371,1989,Graduation,Single,21474.0,1,0,2014-08-04,0,6,16,24,11,0,34,2,3,1,2,7,1,0,0,0,0,0,3,11,1
9240,1971,PhD,Single,60504.0,0,1,2014-07-02,73,458,0,24,6,4,34,2,6,2,8,6,0,0,0,0,0,0,3,11,0
9504,1949,Master,Married,81698.0,0,0,2013-06-11,4,179,28,520,111,123,47,1,3,8,13,1,0,0,0,0,0,0,3,11,1
8692,1952,Graduation,Together,43462.0,1,1,2012-12-09,50,90,17,97,15,6,15,6,4,1,5,8,0,0,0,0,0,0,3,11,0
448,1978,PhD,Single,54880.0,1,0,2013-01-03,57,308,85,137,102,45,118,2,6,2,11,5,0,0,0,0,0,0,3,11,0
8314,1982,Graduation,Married,79908.0,0,0,2013-05-04,30,557,129,761,29,185,111,1,5,6,7,2,0,0,1,0,0,0,3,11,0
8420,1970,2n Cycle,Married,15315.0,0,0,2013-03-08,27,7,4,13,15,8,17,2,2,0,4,5,0,0,0,0,0,0,3,11,0
7685,1978,Graduation,Married,33039.0,1,0,2013-09-09,4,30,8,12,8,8,12,1,2,0,4,5,0,0,0,0,0,0,3,11,0
10232,1963,PhD,Divorced,48799.0,0,1,2013-05-11,9,174,18,81,28,6,24,3,3,2,7,3,0,0,0,0,0,0,3,11,0
4184,1950,PhD,Together,52157.0,0,1,2014-07-06,48,189,2,29,3,2,40,2,3,2,5,4,0,0,0,0,0,0,3,11,0
9120,1962,Graduation,Single,66565.0,0,1,2012-05-12,80,747,10,161,65,40,42,4,4,2,9,8,0,0,0,0,0,0,3,11,0
891,1951,Master,Together,29298.0,1,1,2013-07-09,60,6,0,2,2,0,1,1,1,0,2,5,0,0,0,0,0,0,3,11,0
10381,1979,Graduation,Single,47691.0,0,1,2013-05-07,43,14,0,3,0,0,4,1,1,0,2,6,0,0,0,0,0,0,3,11,0
3525,1970,Graduation,Together,38200.0,1,1,2012-07-12,19,12,0,4,0,0,1,1,1,0,2,7,0,0,0,0,0,0,3,11,0
6818,1974,Graduation,Married,44989.0,0,1,2012-12-09,26,98,0,106,49,10,106,5,5,1,5,6,0,0,0,0,0,0,3,11,0
1029,1970,PhD,Together,64413.0,0,1,2013-01-08,27,200,5,44,0,10,20,1,5,1,5,5,0,0,0,0,0,0,3,11,0
7369,1981,Master,Married,36959.0,1,0,2013-02-10,56,25,6,25,6,0,0,2,2,0,3,8,0,0,0,0,0,0,3,11,0
8159,1968,Graduation,Married,51287.0,1,1,2014-01-04,10,117,0,22,13,0,30,3,4,1,3,7,0,0,0,0,0,0,3,11,0
5253,1956,Master,Together,54603.0,1,1,2013-09-07,85,145,13,46,17,2,4,6,4,2,4,7,0,0,0,0,0,0,3,11,0
5966,1974,PhD,Married,45207.0,1,1,2012-10-11,64,203,0,10,0,0,2,5,3,1,6,6,0,1,0,0,0,0,3,11,0
5756,1983,Graduation,Together,39453.0,1,0,2014-03-04,64,46,0,7,0,0,2,2,2,0,3,6,0,0,0,0,0,0,3,11,0
3710,1984,PhD,Single,39684.0,1,0,2012-12-10,41,19,0,35,6,4,17,2,2,1,2,7,0,0,0,0,0,1,3,11,1
7627,1975,Master,Married,92163.0,0,0,2012-12-12,25,817,183,797,106,163,20,0,5,11,5,2,0,0,1,1,0,0,3,11,1
4501,1965,Master,Single,69882.0,0,0,2013-10-11,94,292,127,635,132,127,165,1,3,7,9,1,0,0,0,0,0,0,3,11,0
3075,1972,PhD,Married,59973.0,0,0,2013-11-09,47,130,30,168,20,34,0,1,3,4,7,1,0,0,0,0,0,0,3,11,0
6919,1978,2n Cycle,Married,26224.0,1,0,2013-04-06,39,4,7,15,13,9,15,3,2,1,3,6,0,0,0,0,0,0,3,11,0
895,1948,PhD,Married,61467.0,0,2,2012-09-12,69,410,16,114,0,5,49,3,5,2,10,5,0,0,0,0,0,0,3,11,0
7232,1973,Graduation,Widow,42429.0,0,1,2014-11-02,99,55,0,6,2,0,4,2,1,1,3,5,0,0,0,0,0,0,3,11,0
8477,1956,Graduation,Divorced,26150.0,2,1,2013-11-03,61,5,1,13,3,5,1,1,1,0,3,7,0,0,0,0,0,0,3,11,0
988,1965,Graduation,Married,81168.0,0,0,2014-07-05,84,410,0,592,147,22,22,1,6,4,7,3,0,0,0,1,0,0,3,11,0
6682,1973,Basic,Married,18978.0,1,0,2012-11-12,41,2,8,1,4,7,15,1,1,0,3,8,0,0,0,0,0,0,3,11,0
10299,1969,PhD,Single,48240.0,0,0,2012-09-11,73,389,91,248,64,49,41,3,6,3,13,5,0,0,0,0,0,0,3,11,1
8953,1965,Master,Single,35791.0,2,1,2013-06-05,94,27,0,5,0,0,3,2,1,0,3,8,0,0,0,0,0,0,3,11,0
1503,1976,PhD,Together,162397.0,1,1,2013-03-06,31,85,1,16,2,1,2,0,0,0,1,1,0,0,0,0,0,0,3,11,0
2782,1961,PhD,Married,54456.0,0,1,2013-11-07,23,352,0,27,10,0,15,3,6,1,7,6,0,0,0,0,0,0,3,11,0
10972,1949,Graduation,Widow,72298.0,0,0,2014-10-03,52,625,35,169,58,17,35,1,4,3,6,1,0,1,1,0,0,0,3,11,0
6583,1955,2n Cycle,Married,72635.0,0,0,2013-03-06,54,390,22,323,104,35,107,1,6,8,6,3,0,0,0,1,0,0,3,11,0
10156,1975,Graduation,Single,84196.0,0,1,2013-03-06,56,215,63,507,231,31,190,1,8,4,7,3,0,0,0,0,0,0,3,11,0
3469,1977,PhD,Divorced,34487.0,1,1,2012-06-09,94,19,18,33,24,1,8,3,3,0,3,9,0,0,0,0,0,0,3,11,0
8461,1962,Graduation,Divorced,46102.0,2,1,2014-10-03,3,14,0,1,0,0,1,1,1,0,2,7,0,0,0,0,0,0,3,11,0
6945,1952,Graduation,Single,84574.0,0,0,2013-04-06,72,387,20,713,38,54,163,1,9,11,11,5,0,0,0,0,0,0,3,11,0
944,1962,Graduation,Married,56181.0,0,1,2013-08-01,6,121,103,69,8,44,48,1,4,2,7,4,0,0,0,0,0,0,3,11,0
701,1971,Graduation,Married,73691.0,0,1,2013-06-11,58,707,21,250,85,43,73,2,6,2,8,2,1,0,0,0,0,0,3,11,0
3856,1960,Graduation,Together,63381.0,0,1,2012-05-10,78,571,50,142,33,50,159,4,4,5,13,2,0,0,0,0,0,0,3,11,0
2942,1964,Graduation,Single,45906.0,0,1,2013-07-05,20,305,3,27,4,3,144,2,5,4,4,5,1,0,0,0,0,0,3,11,0
1173,1947,Master,Together,77632.0,0,0,2013-10-03,73,1200,105,758,0,42,147,1,4,2,6,2,0,1,1,0,0,0,3,11,1
6661,1974,Graduation,Married,67445.0,0,1,2012-12-08,63,757,80,217,29,80,11,5,9,6,12,6,0,0,0,0,0,0,3,11,0
3277,1955,Graduation,Divorced,49431.0,0,1,2012-03-08,9,219,3,100,26,0,17,2,7,1,5,8,0,0,0,0,0,0,3,11,0
5555,1975,Graduation,Divorced,153924.0,0,0,2014-07-02,81,1,1,1,1,1,1,0,0,0,0,0,0,0,0,0,0,0,3,11,0
2564,1953,Graduation,Together,61278.0,0,1,2014-04-01,87,111,3,28,2,6,15,2,3,1,4,6,0,0,0,0,0,0,3,11,0
55,1963,Graduation,Together,56253.0,0,1,2012-07-12,83,509,0,65,7,11,5,4,7,2,9,6,0,0,0,0,0,0,3,11,0
1777,1980,Basic,Married,25965.0,0,0,2012-07-09,29,2,2,11,41,7,11,1,2,0,3,8,0,0,0,0,0,0,3,11,0
8162,1956,Master,Together,14661.0,0,0,2013-01-01,88,4,1,11,6,2,2,1,1,0,3,6,0,0,0,0,0,0,3,11,0
11007,1968,PhD,Married,29187.0,1,0,2013-09-05,43,26,0,6,0,0,2,1,1,0,3,8,0,0,0,0,0,0,3,11,0
7426,1971,2n Cycle,Married,54690.0,1,1,2013-07-11,76,111,16,37,7,9,18,3,3,1,5,3,0,0,0,0,0,0,3,11,0
10379,1962,Master,Single,59247.0,0,2,2013-08-11,87,327,9,122,19,14,83,5,5,2,9,6,0,0,0,0,0,0,3,11,0
9204,1970,Graduation,Widow,66731.0,0,1,2012-12-09,33,371,159,194,58,106,141,4,4,3,6,3,0,0,0,0,0,0,3,11,0
2920,1975,PhD,Single,52614.0,0,1,2012-01-12,63,789,0,142,12,9,38,2,2,4,8,8,0,0,0,0,0,0,3,11,0
9937,1979,Graduation,Single,70337.0,0,0,2014-02-01,75,187,81,149,25,43,91,1,2,2,12,1,0,0,0,0,0,0,3,11,0
10142,1976,PhD,Divorced,66476.0,0,1,2013-07-03,99,372,18,126,47,48,78,2,5,2,11,4,0,0,0,0,0,0,3,11,0
9826,1972,PhD,Single,86857.0,0,0,2012-12-09,96,899,102,838,133,102,40,1,5,6,10,2,0,0,0,0,0,0,3,11,1
1501,1982,PhD,Married,160803.0,0,0,2012-04-08,21,55,16,1622,17,3,4,15,0,28,1,0,0,0,0,0,0,0,3,11,0
7230,1960,PhD,Divorced,50611.0,0,1,2012-04-10,98,459,0,24,6,0,4,6,4,5,7,6,0,1,0,0,0,0,3,11,1
450,1958,Master,Together,42315.0,0,1,2013-12-07,90,67,15,80,17,11,80,3,1,4,4,3,0,0,0,0,0,0,3,11,0
9316,1952,Basic,Together,13084.0,0,0,2013-02-11,29,2,0,7,3,7,10,1,1,0,3,6,0,0,0,0,0,0,3,11,0
2868,1949,PhD,Single,26518.0,1,1,2013-08-04,33,20,1,28,3,3,2,3,2,0,3,8,0,0,0,0,0,0,3,11,1
10888,1961,Graduation,Single,45938.0,0,0,2013-03-11,46,273,11,178,62,83,29,2,8,4,6,6,0,0,0,0,0,0,3,11,0
1277,1960,Graduation,Together,78468.0,0,0,2014-09-04,29,434,22,388,104,22,34,1,10,7,10,4,0,0,0,1,0,0,3,11,0
10196,1978,Graduation,Married,71427.0,2,0,2014-12-03,26,212,123,177,15,64,23,2,8,2,8,4,0,0,0,0,0,0,3,11,0
6384,1978,Graduation,Divorced,71022.0,0,1,2014-11-02,30,909,12,278,0,12,242,3,5,2,11,8,1,0,0,0,0,0,3,11,0
6988,1986,Graduation,Married,71952.0,1,0,2013-10-01,93,656,80,455,52,107,93,2,8,4,8,4,1,0,1,0,0,0,3,11,0
6991,1951,Graduation,Divorced,43185.0,0,1,2013-10-04,88,537,6,42,16,6,30,2,9,3,6,8,0,0,0,0,0,0,3,11,0
4301,1971,Master,Married,35178.0,1,0,2013-10-01,10,23,1,13,2,2,18,1,1,1,2,7,1,0,0,0,0,0,3,11,1
1940,1986,Graduation,Married,25252.0,1,0,2013-12-07,26,1,3,4,2,2,6,1,1,0,2,8,0,0,0,0,0,0,3,11,0
6969,1982,Graduation,Together,50272.0,1,0,2013-07-08,75,99,13,66,43,8,4,3,4,1,5,7,0,0,0,0,0,0,3,11,0
10479,1975,PhD,Married,76618.0,0,0,2012-07-12,64,749,40,294,121,160,147,1,3,2,5,1,0,0,0,0,0,0,3,11,0
1715,1978,Graduation,Together,25851.0,1,0,2013-11-02,45,9,4,18,7,5,5,2,2,0,3,7,0,0,0,0,0,0,3,11,0
4990,1954,Graduation,Married,59111.0,0,0,2013-02-05,90,524,0,134,28,28,155,1,11,1,8,7,0,0,0,0,0,0,3,11,0
4692,1976,Graduation,Married,7500.0,1,0,2012-01-08,19,7,0,12,13,7,32,5,4,1,2,9,1,0,0,0,0,0,3,11,1
7212,1966,Graduation,Married,44794.0,0,1,2014-08-06,99,54,0,7,0,0,4,1,2,0,3,6,0,0,0,0,0,0,3,11,0
11171,1965,Master,Married,56962.0,2,1,2013-11-10,60,292,3,77,10,3,26,7,6,3,5,7,0,0,0,0,0,0,3,11,0
610,1953,PhD,Together,53593.0,1,1,2012-07-08,60,349,4,78,6,0,43,8,7,2,6,8,0,0,0,0,0,0,3,11,0
9384,1978,Graduation,Married,66373.0,1,1,2013-12-06,57,328,9,124,12,24,109,7,4,2,10,3,0,0,0,0,0,0,3,11,0
10430,1973,Graduation,Divorced,89694.0,1,1,2013-09-10,22,1126,28,211,37,28,42,3,4,3,4,5,0,1,1,1,0,0,3,11,0
6255,1952,Master,Together,70545.0,0,1,2014-03-06,29,138,39,63,55,18,21,1,4,1,7,2,0,0,0,0,0,0,3,11,0
5564,1969,Graduation,Together,62882.0,0,1,2012-09-08,26,509,133,497,78,24,97,2,7,5,6,4,0,0,0,0,0,0,3,11,0
7458,1956,Master,Together,34941.0,1,1,2013-06-03,26,39,2,25,4,3,24,2,3,0,3,8,0,0,0,0,0,0,3,11,0
5237,1950,PhD,Single,48767.0,1,2,2014-01-01,79,28,1,21,3,0,10,3,2,1,3,5,0,0,0,0,0,0,3,11,0
7761,1978,2n Cycle,Together,38702.0,1,0,2013-01-08,71,13,11,24,13,8,40,2,3,0,4,6,0,0,0,0,0,0,3,11,0
3560,1952,Graduation,Together,83844.0,0,0,2013-12-05,57,901,31,345,75,31,191,1,4,4,11,1,0,0,1,0,0,0,3,11,0
7235,1975,2n Cycle,Married,17003.0,1,0,2013-09-12,37,2,5,12,4,8,7,3,2,0,4,5,0,0,0,0,0,0,3,11,0
10548,1995,Graduation,Single,71163.0,0,0,2014-09-03,30,283,17,372,138,106,44,1,3,8,12,1,0,0,0,0,0,0,3,11,0
7938,1958,PhD,Together,51518.0,0,1,2013-03-10,92,350,8,66,17,4,4,2,3,2,10,3,0,0,0,0,0,0,3,11,0
7723,1979,Graduation,Together,75507.0,0,0,2014-02-05,56,709,93,374,104,80,80,1,8,6,6,3,0,0,0,0,0,0,3,11,0
3870,1978,2n Cycle,Together,63855.0,0,0,2013-09-02,28,359,35,314,93,116,89,1,7,3,13,4,0,0,0,0,0,0,3,11,0
4012,1972,PhD,Together,62220.0,0,1,2012-11-08,55,799,12,375,16,12,12,5,7,6,5,6,0,0,0,0,0,0,3,11,1
6488,1959,PhD,Married,38829.0,0,1,2014-06-04,86,76,0,7,0,0,16,1,3,2,2,5,0,0,0,0,0,0,3,11,0
10270,1981,2n Cycle,Married,35523.0,1,0,2013-03-10,8,11,5,22,12,5,11,2,3,0,3,7,0,0,0,0,0,0,3,11,0
7573,1978,PhD,Single,31626.0,1,0,2013-10-05,12,39,1,9,2,1,34,1,2,1,2,7,1,0,0,0,0,0,3,11,1
5331,1977,Graduation,Married,74985.0,0,0,2012-11-09,8,587,51,898,247,0,86,1,3,6,7,2,0,0,0,0,0,0,3,11,0
1911,1987,Graduation,Together,67430.0,0,0,2012-05-09,6,595,97,291,127,133,121,1,11,5,12,6,0,0,0,0,0,0,3,11,0
20,1965,2n Cycle,Married,46891.0,0,1,2013-01-09,91,43,12,23,29,15,61,1,2,1,4,4,0,0,0,0,0,0,3,11,0
10582,1979,Graduation,Married,72063.0,0,1,2013-03-07,3,180,32,348,76,32,90,2,5,2,12,2,0,0,0,0,0,0,3,11,0
1915,1951,PhD,Married,78939.0,0,0,2013-12-12,57,794,115,243,150,0,205,1,8,5,6,3,0,0,0,0,0,0,3,11,0
4303,1957,PhD,Together,6835.0,0,1,2012-08-12,76,107,2,12,2,2,12,0,0,0,1,20,0,0,0,0,0,0,3,11,0
6825,1953,Graduation,Together,41452.0,1,1,2013-06-03,86,13,0,3,0,0,0,1,1,0,2,7,0,0,0,0,0,0,3,11,0
10736,1971,Graduation,Single,72258.0,0,1,2013-12-09,28,522,0,522,227,120,134,2,6,9,5,2,0,0,0,0,0,0,3,11,0
3194,1974,PhD,Single,71466.0,0,0,2014-05-04,86,412,12,546,78,182,0,1,4,4,10,1,0,0,0,0,0,0,3,11,0
49,1970,Graduation,Single,20587.0,1,0,2014-11-05,39,2,3,6,4,1,9,1,1,1,2,7,0,0,0,0,0,0,3,11,0
6299,1968,PhD,Divorced,42564.0,0,1,2013-02-01,28,324,48,186,39,18,198,6,6,8,4,7,1,0,0,0,0,0,3,11,1
347,1976,Graduation,Divorced,40780.0,0,1,2012-08-09,30,229,27,71,13,3,34,4,7,1,5,9,0,0,0,0,0,0,3,11,0
10446,1957,PhD,Married,82017.0,0,0,2012-07-11,58,184,23,446,30,23,23,1,5,4,7,2,0,1,1,1,0,0,3,11,1
4442,1961,Graduation,Single,46524.0,0,1,2013-05-04,70,31,19,35,26,14,52,2,1,1,5,3,0,0,0,0,0,0,3,11,0
3749,1973,Graduation,Together,73926.0,0,0,2013-02-03,54,627,91,597,159,91,15,1,6,5,12,3,0,0,0,0,0,0,3,11,0
9930,1944,PhD,Single,82716.0,0,0,2013-05-11,8,606,148,228,15,148,22,1,6,8,13,2,0,0,0,0,0,0,3,11,0
3483,1958,Graduation,Married,48192.0,0,0,2013-06-04,76,1039,43,204,153,58,29,3,2,8,12,8,0,1,0,1,1,0,3,11,1
4599,1976,Master,Married,49681.0,0,2,2013-04-11,66,411,0,26,0,0,21,6,7,1,7,7,0,0,0,0,0,0,3,11,0
9145,1972,Graduation,Single,72504.0,0,1,2013-06-04,43,604,26,470,123,161,94,2,5,9,6,2,0,0,0,0,0,0,3,11,0
3732,1955,Master,Married,52750.0,0,1,2013-04-02,72,393,0,239,90,69,69,6,5,7,9,4,0,0,0,0,0,0,3,11,0
11176,1970,PhD,Together,65968.0,0,1,2014-12-05,12,376,9,83,19,4,4,2,5,4,7,3,0,0,0,0,0,0,3,11,0
2986,1976,Graduation,Married,30772.0,1,1,2014-12-03,89,7,2,4,2,1,4,1,1,0,2,6,0,0,0,0,0,0,3,11,0
7034,1978,2n Cycle,Married,25804.0,1,0,2013-01-09,34,8,7,9,13,6,12,2,2,0,3,8,0,0,0,0,0,0,3,11,0
9493,1980,PhD,Single,76412.0,0,0,2013-05-05,15,840,53,804,23,71,17,1,5,4,8,3,0,0,1,1,0,0,3,11,1
1143,1972,Graduation,Married,22063.0,1,0,2013-08-08,43,7,10,13,3,11,11,2,2,0,3,7,0,0,0,0,0,0,3,11,0
9499,1954,Graduation,Married,93404.0,1,2,2013-07-05,97,1279,15,287,20,0,15,3,3,4,7,5,0,1,1,0,0,0,3,11,0
6768,1962,Graduation,Divorced,37859.0,1,2,2013-12-01,75,22,1,8,2,1,2,2,1,0,3,8,0,0,0,0,0,0,3,11,0
2150,1958,PhD,Widow,80995.0,0,1,2013-11-05,83,860,28,409,73,56,56,1,8,9,4,4,0,0,0,0,0,0,3,11,0
6646,1984,Graduation,Together,16529.0,1,0,2014-01-03,23,3,0,5,13,0,1,1,1,0,3,6,0,0,0,0,0,0,3,11,0
8560,1992,Graduation,Single,48789.0,0,0,2012-10-09,94,351,16,156,7,5,145,1,6,4,7,6,0,0,0,0,0,0,3,11,0
3321,1967,PhD,Together,56575.0,0,2,2013-05-05,42,421,5,90,0,16,10,3,7,3,7,5,0,0,0,0,0,0,3,11,0
11003,1980,2n Cycle,Together,25130.0,1,0,2013-02-10,10,2,5,7,0,18,18,2,2,0,3,7,0,0,0,0,0,0,3,11,0
10856,1980,2n Cycle,Single,45889.0,0,1,2013-02-07,42,31,0,6,0,1,8,1,1,0,3,6,0,0,0,0,0,0,3,11,0
4186,1950,Graduation,Together,34026.0,1,1,2013-05-08,11,18,6,15,12,8,17,3,2,1,3,5,0,0,0,0,0,0,3,11,0
3312,1988,Graduation,Single,34176.0,1,0,2014-12-05,12,5,7,24,19,14,20,4,3,0,4,6,0,0,0,0,0,0,3,11,0
11121,1981,Graduation,Married,19419.0,1,0,2012-10-11,76,2,14,28,16,3,7,4,4,0,3,9,0,0,0,0,0,0,3,11,0
10262,1980,Graduation,Married,15072.0,2,0,2013-10-05,96,8,2,15,0,10,18,4,3,1,3,5,0,0,0,0,0,0,3,11,0
9477,1954,PhD,Married,65324.0,0,1,2014-11-01,0,384,0,102,21,32,5,3,6,2,9,4,0,0,0,0,0,0,3,11,0
4856,1957,2n Cycle,Married,82347.0,0,0,2012-06-11,38,556,54,845,202,133,63,1,7,7,10,3,1,0,0,1,0,0,3,11,0
1456,1979,Graduation,Single,60474.0,0,1,2013-01-04,25,265,199,303,234,9,170,7,10,2,12,7,0,0,0,0,0,0,3,11,0
4877,1973,Master,Married,38576.0,0,1,2014-04-03,2,34,0,7,0,0,0,1,1,0,3,7,0,0,0,0,0,0,3,11,0
3007,1966,Graduation,Together,37758.0,1,1,2012-04-10,49,27,2,10,0,0,1,2,1,0,3,8,0,0,0,0,0,0,3,11,0
1031,1989,2n Cycle,Married,85710.0,0,0,2013-05-05,5,600,20,350,29,30,33,1,6,9,10,2,0,0,1,0,0,0,3,11,0
9553,1987,Graduation,Married,7500.0,0,0,2013-09-01,94,0,2,3,4,1,5,1,0,0,3,6,0,0,0,0,0,0,3,11,0
4271,1989,2n Cycle,Together,38683.0,1,0,2012-04-10,80,46,35,69,84,41,66,6,4,1,6,7,0,0,0,0,0,0,3,11,0
2036,1973,PhD,Together,57906.0,0,1,2013-11-06,29,243,11,119,10,3,15,3,4,2,8,4,0,0,0,0,0,0,3,11,0
8687,1978,Graduation,Together,53172.0,0,1,2013-06-05,54,121,62,90,68,20,125,3,2,3,8,3,0,0,0,0,0,0,3,11,0
9353,1959,Graduation,Single,62450.0,0,1,2014-06-01,61,515,47,267,62,66,38,2,5,5,4,3,0,1,0,0,0,0,3,11,0
3623,1976,Graduation,Together,21675.0,1,0,2014-11-06,55,4,0,16,17,4,4,3,4,0,3,7,0,0,0,0,0,0,3,11,0
738,1981,2n Cycle,Single,42395.0,1,1,2014-04-04,35,48,13,57,24,15,25,4,3,1,4,7,0,0,0,0,0,0,3,11,0
7631,1978,Master,Together,61346.0,1,0,2013-06-10,34,562,58,168,43,16,142,1,5,7,10,3,0,0,0,0,0,0,3,11,0
1446,1956,Master,Single,86424.0,0,0,2014-05-04,12,387,68,569,89,45,68,1,6,9,12,1,0,0,0,0,0,0,3,11,0
8443,1972,Graduation,Single,24762.0,1,0,2014-10-02,16,6,10,12,3,15,40,3,3,1,2,8,1,0,0,0,0,0,3,11,1
5830,1972,PhD,Single,86857.0,0,0,2012-12-09,96,899,102,838,133,102,40,1,5,6,10,2,0,0,0,0,0,0,3,11,1
4597,1970,PhD,Together,82072.0,0,0,2013-02-07,67,889,55,685,168,92,129,1,3,2,13,1,0,0,0,0,0,0,3,11,0
8086,1959,Graduation,Married,42243.0,1,1,2013-11-12,34,48,0,2,0,0,5,2,2,0,3,7,0,0,0,0,0,0,3,11,0
8825,1962,Graduation,Together,51195.0,1,1,2013-01-04,46,230,14,156,82,24,58,8,9,2,5,8,0,0,0,0,0,0,3,11,0
1928,1973,Graduation,Married,31814.0,1,0,2013-09-02,73,35,3,20,4,1,20,2,2,0,3,9,1,0,0,0,0,0,3,11,0
7108,1965,Master,Widow,51390.0,1,1,2012-08-09,54,205,20,47,23,2,56,6,5,2,5,5,0,0,0,0,0,0,3,11,0
8800,1943,PhD,Divorced,48948.0,0,0,2013-01-02,53,437,8,206,160,49,42,2,7,10,5,6,1,0,0,0,0,0,3,11,1
9224,1972,PhD,Single,55260.0,0,1,2012-12-12,81,825,8,53,11,0,242,2,8,10,5,6,0,0,0,0,0,0,3,11,0
5519,1956,Graduation,Together,64090.0,0,1,2013-07-08,8,316,58,161,76,51,135,1,6,9,4,5,0,0,0,0,0,0,3,11,1
7037,1974,PhD,Married,37087.0,1,0,2013-11-08,50,194,55,134,15,0,3,3,4,2,8,6,0,0,0,0,0,0,3,11,0
8624,1958,Graduation,Married,81320.0,0,0,2013-06-02,61,183,33,493,59,103,57,1,4,3,10,2,0,0,0,0,0,0,3,11,0
2727,1973,Graduation,Together,57100.0,0,0,2013-04-12,19,181,21,69,39,3,96,1,3,3,6,3,0,0,0,0,0,0,3,11,0
11074,1977,Graduation,Single,85072.0,0,0,2014-09-04,94,494,92,391,194,11,241,1,3,4,10,0,0,0,0,0,0,0,3,11,0
1968,1971,Graduation,Widow,45684.0,1,0,2013-02-12,37,5,1,5,10,0,7,1,1,0,2,7,0,0,0,0,0,0,3,11,0
6534,1974,Graduation,Together,47889.0,1,0,2014-04-01,94,29,0,29,0,5,4,1,2,0,3,5,0,0,0,0,0,0,3,11,0
9485,1986,PhD,Married,45921.0,0,0,2014-10-03,23,102,9,49,24,3,12,1,2,1,6,4,0,0,0,0,0,0,3,11,0
4654,1992,Graduation,Together,75114.0,0,0,2013-07-11,40,571,12,523,63,60,24,1,3,10,5,2,0,0,0,0,0,0,3,11,0
10619,1994,Graduation,Single,95529.0,0,0,2012-03-12,29,770,29,890,250,27,24,1,7,3,7,3,0,0,1,0,0,0,3,11,1
9308,1954,Graduation,Married,62820.0,0,0,2013-11-05,51,398,61,265,138,61,53,1,3,4,6,1,0,0,0,0,0,0,3,11,0
8362,1982,PhD,Married,84169.0,0,0,2013-07-08,9,1478,19,403,0,19,0,1,7,6,6,3,0,1,1,0,0,0,3,11,1
4988,1948,PhD,Married,34469.0,1,1,2014-04-05,58,19,6,20,0,5,12,3,1,1,4,4,0,0,0,0,0,0,3,11,0
2008,1978,Graduation,Married,77583.0,0,0,2014-10-02,93,372,23,384,250,12,108,1,4,5,9,2,0,0,0,1,0,0,3,11,0
10037,1993,Graduation,Single,74293.0,0,0,2014-04-05,66,375,152,335,93,91,81,1,5,4,6,2,0,0,0,0,0,0,3,11,0
5303,1974,PhD,Together,79632.0,0,0,2014-08-04,42,471,0,510,99,21,12,1,6,4,9,2,0,0,0,0,0,0,3,11,0
538,1989,Graduation,Single,46107.0,1,0,2014-10-02,78,31,9,27,16,9,33,1,1,1,4,3,0,0,0,0,0,0,3,11,0
7922,1951,PhD,Single,64950.0,0,1,2012-12-08,29,819,0,72,12,0,63,2,11,2,10,7,0,1,0,0,0,0,3,11,0
760,1975,PhD,Divorced,60554.0,1,0,2013-09-08,8,588,7,76,110,15,15,2,8,4,9,6,0,0,0,0,0,0,3,11,0
8957,1952,2n Cycle,Single,64831.0,1,1,2013-10-06,51,480,86,249,75,86,144,8,6,3,5,6,0,0,0,0,0,0,3,11,0
5386,1953,Graduation,Together,94384.0,0,0,2013-04-03,62,1111,24,790,160,45,172,0,5,8,5,2,0,1,1,1,0,0,3,11,1
3202,1987,PhD,Married,51563.0,0,0,2012-01-10,60,1166,0,48,0,0,36,1,4,4,10,8,0,1,1,0,0,0,3,11,0
6515,1977,Graduation,Together,39771.0,1,0,2013-06-12,92,6,2,18,2,8,14,1,2,0,3,4,0,0,0,0,0,0,3,11,0
2882,1975,2n Cycle,Divorced,67893.0,0,1,2012-01-10,31,711,28,142,49,18,47,2,3,2,9,8,0,0,0,0,0,0,3,11,0
7574,1979,PhD,Together,27922.0,1,0,2014-10-05,80,11,0,13,2,4,11,1,2,0,3,4,0,0,0,0,0,0,3,11,0
6387,1976,PhD,Together,52190.0,1,1,2014-08-05,39,42,0,17,0,0,18,3,2,1,3,5,1,0,0,0,0,0,3,11,0
5048,1971,PhD,Single,42767.0,2,0,2013-11-05,53,20,6,43,19,5,38,1,3,1,2,8,0,0,0,0,0,0,3,11,0
8146,1976,Master,Together,46106.0,1,1,2014-11-05,84,30,0,8,2,0,14,1,1,1,2,6,0,0,0,0,0,0,3,11,0
10031,1976,PhD,Married,16927.0,1,1,2013-10-02,50,20,2,23,3,1,4,5,3,0,4,8,0,0,0,0,0,0,3,11,0
5748,1965,Graduation,Married,59754.0,0,1,2012-01-12,96,115,27,44,4,146,139,3,5,2,6,5,0,0,0,0,0,0,3,11,1
1523,1973,Graduation,Married,59041.0,1,1,2014-07-05,25,69,2,15,2,2,6,2,2,0,4,5,0,0,0,0,0,0,3,11,0
3635,1962,PhD,Single,52597.0,0,1,2014-07-05,69,492,0,37,7,0,42,3,6,3,8,5,0,0,0,0,0,0,3,11,0
7801,1959,Graduation,Together,54753.0,0,1,2013-12-09,87,197,107,227,7,59,131,3,5,2,11,4,0,0,0,0,0,0,3,11,0
7011,1973,Graduation,Married,33471.0,1,0,2012-12-10,47,43,2,27,0,9,12,3,3,0,4,7,0,0,0,0,0,0,3,11,0
10981,1988,Graduation,Married,84219.0,0,0,2014-02-02,27,434,137,400,45,137,45,1,3,4,10,1,0,0,0,0,0,0,3,11,0
10995,1988,2n Cycle,Married,15716.0,1,0,2012-12-11,8,16,5,30,8,7,26,3,3,0,4,8,0,0,0,0,0,1,3,11,0
10286,1962,Graduation,Married,83715.0,0,0,2014-03-02,2,318,8,407,150,35,8,1,2,8,13,0,0,0,0,0,0,0,3,11,0
2611,1959,Master,Together,82576.0,0,0,2012-01-08,66,1206,55,445,168,18,18,1,2,4,12,1,0,0,1,0,0,0,3,11,0
1600,1965,Master,Married,56962.0,2,1,2013-11-10,60,292,3,77,10,3,26,7,6,3,5,7,0,0,0,0,0,0,3,11,0
3308,1952,Graduation,Married,35704.0,1,1,2014-03-01,54,30,9,12,2,11,30,3,2,0,4,4,0,0,0,0,0,0,3,11,0
5407,1954,Graduation,Together,53103.0,0,1,2013-12-09,70,729,17,133,11,0,195,5,10,6,7,7,1,0,0,0,0,0,3,11,0
2166,1960,2n Cycle,Widow,46779.0,1,1,2013-12-07,55,12,1,3,0,0,7,1,0,1,2,4,0,0,0,0,0,0,3,11,0
6634,1979,Master,Divorced,33462.0,1,0,2013-07-08,78,22,3,18,0,0,11,1,2,0,3,7,0,0,0,0,0,0,3,11,0
9305,1976,2n Cycle,Single,79689.0,0,0,2013-12-05,65,311,26,640,180,37,121,1,4,9,13,2,0,0,0,0,0,0,3,11,0
8492,1978,Graduation,Together,75437.0,0,0,2013-09-11,25,795,0,545,95,58,0,1,8,4,10,6,0,0,0,1,0,0,3,11,0
9097,1956,Graduation,Divorced,46086.0,0,1,2013-03-11,34,244,8,32,7,2,50,4,3,1,8,4,0,0,0,0,0,0,3,11,0
10473,1956,PhD,Widow,78028.0,0,1,2012-10-09,38,158,19,288,25,0,38,1,6,4,9,7,0,1,1,0,0,0,3,11,1
7962,1987,PhD,Single,95169.0,0,0,2013-09-10,1,1285,21,449,106,20,20,1,4,3,4,1,0,0,1,1,0,0,3,11,1
7453,1954,Graduation,Single,36130.0,0,1,2013-02-02,46,157,43,127,68,56,37,6,3,8,4,4,1,0,0,0,0,0,3,11,1
8952,1953,Master,Married,65569.0,0,1,2012-05-11,96,397,46,288,20,38,70,2,6,5,10,3,0,0,0,0,0,0,3,11,0
241,1952,Graduation,Together,83844.0,0,0,2013-12-05,57,901,31,345,75,31,191,1,4,4,11,1,0,0,1,0,0,0,3,11,0
6119,1963,PhD,Single,36736.0,1,1,2013-10-05,52,10,0,3,0,0,4,1,1,0,2,6,0,0,0,0,0,0,3,11,0
5723,1976,PhD,Together,49187.0,0,1,2014-11-01,63,81,1,31,2,1,0,1,1,1,5,2,0,0,0,0,0,0,3,11,0
1710,1978,Graduation,Single,30168.0,1,0,2013-07-03,51,154,20,66,0,12,27,7,6,1,4,9,0,0,0,0,0,0,3,11,0
1970,1968,Master,Together,34053.0,0,1,2012-10-09,14,63,0,21,7,0,12,1,3,0,3,8,0,0,0,0,0,0,3,11,0
7010,1965,2n Cycle,Married,70924.0,0,0,2014-07-04,41,635,114,254,132,152,76,1,6,6,7,3,0,0,1,0,0,0,3,11,0
3158,1973,Graduation,Married,32300.0,1,0,2013-03-01,1,13,3,6,6,5,6,1,1,0,3,8,0,0,0,0,0,0,3,11,0
2445,1974,PhD,Together,28440.0,1,0,2013-07-07,87,38,1,24,0,0,0,1,2,0,3,8,0,0,0,0,0,0,3,11,0
6059,1953,PhD,Together,64504.0,1,2,2013-04-03,81,986,36,168,16,0,108,7,11,3,4,7,0,0,0,0,0,0,3,11,1
4240,1978,Graduation,Married,17345.0,1,0,2012-03-11,79,4,9,16,17,0,12,2,2,1,2,8,0,0,0,0,0,0,3,11,0
8911,1967,PhD,Married,56320.0,0,1,2013-08-04,11,201,53,172,116,77,83,3,5,4,9,4,0,0,0,0,0,0,3,11,0
10175,1958,PhD,Divorced,32173.0,0,1,2013-01-08,0,18,0,2,0,0,2,1,1,0,3,4,0,0,0,0,0,0,3,11,0
8985,1964,2n Cycle,Together,68316.0,0,1,2012-04-11,54,806,80,161,120,11,33,5,10,7,10,6,0,0,0,0,0,0,3,11,0
1020,1973,Graduation,Married,79593.0,0,0,2014-12-05,70,350,60,568,110,133,145,1,5,6,7,2,0,0,1,0,0,0,3,11,0
6730,1954,Graduation,Married,38998.0,1,1,2012-03-11,92,34,1,14,0,0,5,3,2,0,3,8,0,0,0,0,0,1,3,11,0
966,1966,Graduation,Married,44529.0,0,1,2013-05-07,98,538,13,91,17,6,26,6,6,2,11,5,0,1,0,0,0,0,3,11,0
4767,1965,2n Cycle,Married,70924.0,0,0,2014-07-04,41,635,114,254,132,152,76,1,6,6,7,3,0,0,1,0,0,0,3,11,0
9725,1966,PhD,Together,28764.0,1,1,2014-05-06,16,8,0,3,0,0,1,1,1,0,2,8,1,0,0,0,0,0,3,11,0
5731,1983,Master,Married,27100.0,1,0,2013-05-04,64,12,0,13,2,0,10,1,1,0,3,7,0,0,0,0,0,0,3,11,0
7290,1985,Graduation,Single,70596.0,0,0,2012-05-10,68,347,44,534,17,0,26,1,3,5,12,2,0,0,0,0,0,0,3,11,0
8104,1951,PhD,Married,53312.0,0,0,2013-09-08,32,241,0,12,0,0,25,1,5,1,5,7,0,0,0,0,0,0,3,11,0
4491,1949,Master,Married,62845.0,1,1,2012-01-10,3,1099,0,45,0,0,34,11,3,4,10,8,0,1,0,0,0,0,3,11,0
1162,1987,PhD,Single,42000.0,0,0,2013-10-01,23,124,83,267,85,59,35,2,5,2,11,5,0,0,0,0,0,0,3,11,1
10766,1964,PhD,Married,65526.0,0,1,2014-11-04,22,397,19,69,12,0,9,1,4,4,8,2,0,0,0,0,0,0,3,11,0
4415,1961,Graduation,Married,16860.0,1,1,2012-12-09,19,10,4,4,3,3,14,3,1,1,3,7,0,0,0,0,0,0,3,11,0
3005,1992,Graduation,Single,83528.0,0,0,2014-01-05,7,530,117,678,134,44,147,1,4,10,8,1,1,0,0,1,0,0,3,11,1
2223,1965,2n Cycle,Divorced,64176.0,0,1,2012-03-08,52,1215,33,249,64,116,149,8,8,9,8,6,0,0,0,0,0,0,3,11,0
4817,1956,Graduation,Divorced,22304.0,0,0,2012-04-08,91,3,2,7,0,4,2,1,1,0,2,8,0,0,0,0,0,0,3,11,0
2875,1978,Graduation,Married,67023.0,0,0,2014-04-03,93,444,44,382,11,8,17,1,3,7,13,2,0,0,0,0,0,1,3,11,0
11112,1966,Graduation,Together,70713.0,0,1,2012-03-12,23,736,114,279,82,76,190,6,5,6,8,3,0,0,0,0,0,0,3,11,0
6421,1961,Graduation,Together,88347.0,0,0,2013-03-07,32,1050,178,555,77,138,118,1,4,7,9,1,0,0,0,1,0,0,3,11,0
4207,1981,PhD,Married,87171.0,0,0,2013-01-05,27,1001,44,107,58,44,44,1,6,7,11,2,1,0,1,0,0,0,3,11,0
6072,1970,Master,Single,75345.0,0,0,2013-02-02,16,918,57,842,99,38,133,1,5,8,6,3,0,0,0,1,0,0,3,11,1
6295,1977,Graduation,Married,54233.0,0,1,2013-04-02,46,652,8,158,21,0,142,4,11,6,5,8,0,0,0,0,0,0,3,11,0
10914,1970,Graduation,Single,24163.0,1,1,2013-12-10,3,4,1,7,2,1,2,2,1,0,3,4,0,0,0,0,0,0,3,11,0
1509,1958,PhD,Together,84460.0,0,0,2013-04-01,80,152,27,103,106,54,81,0,9,9,4,5,0,1,1,1,1,0,3,11,1
5577,1983,Graduation,Together,43776.0,1,0,2014-03-05,77,8,0,9,2,1,3,1,1,0,2,6,0,0,0,0,0,0,3,11,0
6466,1965,PhD,Married,57236.0,1,1,2014-12-03,22,105,0,9,2,1,4,3,2,1,4,3,0,0,0,0,0,0,3,11,0
9964,1979,Graduation,Single,61825.0,0,1,2013-07-08,56,162,50,100,55,30,27,1,4,2,8,4,0,0,0,0,0,0,3,11,0
4790,1958,Graduation,Divorced,79803.0,0,1,2014-02-06,54,574,8,216,21,16,33,1,4,3,5,1,0,0,0,0,0,0,3,11,0
6001,1979,Graduation,Married,56775.0,0,1,2013-02-01,62,614,35,160,58,35,35,2,5,8,10,5,0,0,0,0,0,0,3,11,0
5538,1975,Graduation,Divorced,83829.0,0,0,2013-08-10,78,897,161,430,186,161,27,0,4,7,6,1,1,0,1,1,0,0,3,11,1
1545,1986,Graduation,Married,38508.0,1,0,2013-02-08,95,120,19,206,25,19,54,6,7,2,5,8,0,0,0,0,0,0,3,11,0
10065,1970,2n Cycle,Married,15315.0,0,0,2013-03-08,27,7,4,13,15,8,17,2,2,0,4,5,0,0,0,0,0,0,3,11,0
1524,1983,2n Cycle,Single,81698.0,0,0,2013-01-03,1,709,45,115,30,160,45,1,8,2,5,5,0,0,0,1,0,0,3,11,1
10022,1973,PhD,Single,54466.0,1,1,2014-09-02,78,12,0,4,0,0,0,1,1,0,2,5,0,0,0,0,0,0,3,11,0
2320,1978,2n Cycle,Married,47025.0,0,1,2013-12-09,98,508,11,59,23,5,29,5,11,1,6,9,0,0,0,0,0,0,3,11,0
850,1968,Graduation,Single,70566.0,0,1,2013-06-10,4,381,28,215,84,28,21,2,6,5,9,3,0,0,0,0,0,0,3,11,0
6749,1966,Graduation,Single,86358.0,1,1,2012-08-08,78,957,47,494,82,47,95,4,5,3,6,8,0,0,0,0,0,0,3,11,0
8977,1985,Basic,Single,16581.0,0,0,2013-12-01,51,1,3,4,2,3,11,1,0,0,3,4,0,0,0,0,0,0,3,11,0
606,1967,Graduation,Single,25930.0,1,1,2013-10-10,87,6,1,2,2,0,4,1,1,0,2,7,0,0,0,0,0,0,3,11,0
5961,1978,Graduation,Married,42693.0,1,0,2014-07-06,29,8,4,20,6,3,16,1,1,0,3,5,0,0,0,0,0,0,3,11,0
2975,1976,Graduation,Together,85606.0,0,1,2012-12-11,89,717,42,864,219,30,84,2,6,7,9,3,0,0,0,1,0,0,3,11,0
10542,1968,PhD,Married,36778.0,1,1,2012-05-08,63,29,4,34,2,4,4,3,3,0,3,9,0,0,0,0,0,0,3,11,0
8015,1962,PhD,Divorced,85696.0,0,0,2013-03-05,88,714,76,395,116,0,12,1,4,6,9,1,0,0,0,0,0,0,3,11,1
11166,1961,Graduation,Married,49678.0,0,1,2013-02-02,81,229,5,56,3,2,20,2,6,2,4,7,0,0,0,0,0,0,3,11,0
4066,1978,2n Cycle,Divorced,21282.0,1,0,2014-11-05,76,1,5,8,4,8,20,2,2,1,2,6,0,0,0,0,0,0,3,11,0
819,1945,Graduation,Widow,63285.0,0,0,2013-05-11,84,508,124,249,50,38,134,1,6,5,13,3,0,0,0,0,0,0,3,11,0
7755,1954,PhD,Married,57744.0,0,1,2013-12-11,91,350,3,39,0,0,19,2,9,1,4,8,0,0,0,0,0,0,3,11,0
1453,1943,PhD,Widow,57513.0,0,0,2013-06-07,59,735,40,183,52,20,30,2,9,3,13,6,0,0,0,0,0,0,3,11,0
2613,1960,Master,Married,54197.0,0,1,2014-03-04,16,162,6,37,6,13,13,2,1,3,6,1,0,0,0,0,0,0,3,11,0
1077,1974,Graduation,Together,56715.0,0,0,2012-05-12,52,258,105,239,237,172,9,1,7,3,4,4,0,0,0,0,0,0,3,11,0
640,1951,Graduation,Married,57304.0,0,1,2013-11-03,61,356,80,329,138,17,106,2,7,6,10,5,0,0,0,0,0,0,3,11,0
6116,1968,2n Cycle,Married,48985.0,0,1,2013-05-07,13,19,13,18,10,7,8,1,1,1,3,3,0,0,0,0,0,0,3,11,0
10660,1957,Master,Married,66726.0,1,1,2014-12-01,61,349,7,35,0,0,47,3,8,2,4,7,0,1,0,0,0,0,3,11,0
8686,1979,Basic,Together,23724.0,1,0,2013-08-01,65,5,23,15,0,18,14,2,2,0,3,8,0,0,0,0,0,0,3,11,0
5907,1952,Master,Married,33444.0,1,1,2012-03-11,24,8,0,8,0,0,2,1,1,0,2,8,0,0,0,0,0,0,3,11,0
8387,1957,Graduation,Married,43140.0,0,1,2013-05-01,68,134,8,76,6,0,11,1,4,1,5,6,0,0,0,0,0,0,3,11,0
3839,1958,Basic,Single,15056.0,1,1,2013-03-05,76,6,12,3,21,6,40,5,2,2,3,5,0,0,0,0,0,0,3,11,0
9392,1971,Graduation,Single,26954.0,1,0,2014-08-05,17,4,1,11,0,0,1,1,1,0,2,7,0,0,0,0,0,0,3,11,0
2292,1985,Graduation,Single,22327.0,1,0,2013-02-08,94,5,4,8,2,0,5,1,1,0,3,5,0,0,0,0,0,0,3,11,0
4088,1962,PhD,Together,31497.0,0,1,2012-06-12,22,108,1,28,13,1,4,2,3,1,4,8,0,0,0,0,0,0,3,11,0
2246,1965,2n Cycle,Married,46891.0,0,1,2013-01-09,91,43,12,23,29,15,61,1,2,1,4,4,0,0,0,0,0,0,3,11,0
5545,1972,PhD,Married,78075.0,0,0,2014-05-04,72,572,8,259,34,35,80,1,3,5,5,1,0,0,0,0,0,0,3,11,0
7342,1961,2n Cycle,Widow,59184.0,0,1,2012-09-09,6,341,142,113,259,151,66,3,6,6,12,5,0,0,0,0,0,0,3,11,0
837,1977,Graduation,Married,54809.0,1,1,2013-11-09,0,63,6,57,13,13,22,4,2,1,5,4,0,0,0,0,0,0,3,11,0
234,1979,Graduation,Divorced,15287.0,1,0,2012-10-10,60,1,2,8,4,3,13,2,1,1,2,7,1,0,0,0,0,0,3,11,1
5644,1957,Graduation,Together,42213.0,0,1,2013-12-10,96,309,3,24,4,3,20,2,5,1,7,7,0,1,0,0,0,0,3,11,0
697,1969,Graduation,Together,74918.0,0,0,2013-12-03,78,972,59,913,25,19,59,1,5,9,6,3,0,0,1,0,0,0,3,11,0
8876,1963,PhD,Together,33629.0,1,1,2012-08-08,49,132,0,16,0,0,4,5,3,1,4,9,0,0,0,0,0,0,3,11,0
4500,1991,PhD,Together,68682.0,0,0,2013-06-10,56,919,0,505,99,30,45,1,4,9,10,2,0,0,0,0,0,0,3,11,0
4058,1955,PhD,Single,61284.0,0,0,2013-12-10,76,618,15,106,20,7,45,1,11,2,8,6,0,1,0,0,0,0,3,11,0
1307,1978,Graduation,Divorced,41986.0,0,1,2014-09-02,15,27,5,8,8,3,12,3,3,0,4,4,0,0,0,0,0,0,3,11,0
6211,1976,PhD,Together,37395.0,1,0,2014-02-05,47,18,0,9,0,1,11,1,1,0,3,6,0,0,0,0,0,0,3,11,0
9757,1972,Graduation,Together,84906.0,0,0,2013-04-10,98,997,15,414,99,30,76,1,5,6,12,2,0,1,1,0,1,0,3,11,0
6918,1989,Graduation,Married,28691.0,1,0,2013-04-07,56,5,4,13,8,0,4,1,1,0,3,8,0,0,0,0,0,0,3,11,0
1921,1967,PhD,Married,59062.0,2,1,2013-03-10,74,46,1,12,3,0,9,2,2,0,3,4,0,0,0,0,0,0,3,11,0
1291,1978,PhD,Together,27683.0,1,0,2012-04-08,90,152,9,121,12,12,45,4,6,2,4,8,0,0,0,0,0,0,3,11,0
4136,1992,Basic,Single,7500.0,1,0,2012-03-12,63,10,17,18,8,26,40,4,3,2,2,9,0,0,0,0,0,0,3,11,0
803,1968,Graduation,Together,40521.0,1,1,2013-05-04,82,12,0,5,0,0,4,1,0,1,2,5,0,0,0,0,0,0,3,11,0
961,1972,Graduation,Married,74716.0,0,1,2013-12-09,92,133,27,421,13,195,71,2,7,3,5,4,0,0,0,0,0,0,3,11,0
9094,1955,2n Cycle,Married,62972.0,0,1,2012-03-08,39,313,15,47,20,0,192,2,7,4,3,6,0,0,0,0,0,0,3,11,1
810,1975,Graduation,Married,74190.0,0,1,2014-12-05,49,151,81,86,168,91,64,2,4,2,11,2,0,0,0,0,0,0,3,11,0
6049,1982,Master,Together,73450.0,0,0,2013-05-12,85,1142,51,415,90,69,37,1,7,8,11,3,1,0,0,1,0,0,3,11,0
8147,1960,Graduation,Married,31454.0,1,1,2013-06-07,40,28,0,11,0,0,9,3,2,0,3,8,0,0,0,0,0,0,3,11,0
1857,1952,Graduation,Single,47139.0,1,1,2014-06-03,2,46,0,12,0,2,23,2,2,1,2,7,0,0,0,0,0,0,3,11,1
3910,1975,Graduation,Divorced,83829.0,0,0,2013-08-10,78,897,161,430,186,161,27,0,4,7,6,1,1,0,1,1,0,0,3,11,1
11114,1970,Graduation,Together,19656.0,1,0,2013-08-02,94,25,4,9,6,8,32,3,2,1,3,7,0,0,0,0,0,0,3,11,0
1740,1944,Graduation,Married,55956.0,0,0,2014-07-04,22,760,38,104,50,9,38,2,7,3,4,4,0,1,0,0,0,0,3,11,0
10637,1964,Graduation,Married,40800.0,1,2,2013-01-01,77,24,0,27,8,30,10,2,3,0,3,7,0,0,0,0,0,1,3,11,0
3698,1983,Graduation,Together,78687.0,0,0,2012-09-08,13,817,185,687,145,55,241,1,4,6,8,2,0,0,1,0,0,0,3,11,1
5043,1951,Basic,Married,26997.0,0,0,2012-05-11,89,7,23,78,133,49,144,2,4,2,5,7,0,0,0,0,0,0,3,11,0
2516,1969,2n Cycle,Married,46831.0,1,1,2013-08-06,84,22,2,10,6,4,34,2,1,2,2,4,0,0,0,0,0,0,3,11,0
9010,1972,Master,Married,83151.0,0,0,2013-10-02,80,968,147,842,137,42,210,1,5,7,10,2,1,0,1,1,0,0,3,11,1
4808,1956,Graduation,Married,15759.0,0,0,2013-05-09,12,1,2,5,6,0,3,1,1,0,2,7,0,0,0,0,0,0,3,11,0
7128,1977,PhD,Single,42997.0,1,1,2013-07-12,91,4,0,5,0,1,5,1,1,0,2,7,0,0,0,0,0,0,3,11,0
2811,1963,PhD,Single,48918.0,1,1,2014-12-04,21,52,0,9,0,0,1,2,1,0,4,4,0,0,0,0,0,0,3,11,0
5336,1971,Master,Together,157733.0,1,0,2013-04-06,37,39,1,9,2,0,8,0,1,0,1,1,0,0,0,0,0,0,3,11,0
6024,1953,Graduation,Together,94384.0,0,0,2013-04-03,62,1111,24,790,160,45,172,0,5,8,5,2,0,1,1,1,0,0,3,11,1
6055,1979,Graduation,Married,71626.0,0,0,2012-01-11,94,546,72,376,94,145,72,1,5,5,8,3,0,1,0,0,0,0,3,11,0
3972,1976,Graduation,Together,50200.0,1,1,2013-03-04,70,266,6,51,8,6,64,6,7,1,5,8,0,0,0,0,0,0,3,11,0
7143,1955,2n Cycle,Together,74805.0,0,1,2013-06-11,14,209,162,209,41,162,37,5,4,7,10,2,0,0,0,0,0,0,3,11,0
8789,1989,2n Cycle,Married,59060.0,1,0,2014-11-01,77,35,40,111,36,40,12,3,3,1,7,4,0,0,0,0,0,0,3,11,0
4554,1965,Graduation,Together,47009.0,0,1,2013-01-10,89,171,45,73,59,10,90,4,3,2,8,4,0,0,0,0,0,0,3,11,0
4937,1973,2n Cycle,Married,46094.0,1,1,2014-10-06,62,12,2,20,3,2,5,1,1,0,3,7,0,0,0,0,0,0,3,11,0
8749,1984,Graduation,Together,37235.0,1,0,2014-01-02,68,20,2,9,4,6,20,1,1,1,2,4,0,0,0,0,0,0,3,11,0
10377,1958,Master,Together,46692.0,0,1,2013-06-06,37,170,6,97,24,12,88,3,6,1,5,6,0,0,0,0,0,0,3,11,0
9206,1968,Graduation,Together,77382.0,0,1,2014-07-01,36,491,48,231,112,105,134,2,5,7,12,1,0,0,1,0,0,0,3,11,0
10971,1977,Graduation,Single,37774.0,2,0,2012-03-09,28,173,8,107,7,2,176,4,7,2,3,9,1,0,0,0,0,1,3,11,1
4246,1982,Master,Single,6560.0,0,0,2013-12-12,2,67,11,26,4,3,262,0,1,0,1,17,0,0,0,0,0,0,3,11,0
4832,1979,Graduation,Married,27244.0,1,0,2014-07-03,84,6,5,17,3,24,46,2,2,2,2,7,0,0,0,0,0,0,3,11,0
5621,1969,Graduation,Married,48752.0,1,1,2012-12-12,8,73,57,100,71,15,0,5,6,1,5,9,0,0,0,0,0,0,3,11,1
9495,1982,Graduation,Together,71853.0,0,0,2013-08-05,29,358,108,413,141,97,32,1,2,8,6,1,0,0,0,0,0,0,3,11,0
942,1982,Graduation,Single,39660.0,1,0,2012-08-08,36,139,13,78,20,13,36,3,7,1,3,9,0,0,0,0,0,0,3,11,1
873,1949,Master,Married,62845.0,1,1,2012-01-10,3,1099,0,45,0,0,34,11,3,4,10,8,0,1,0,0,0,0,3,11,1
10390,1959,2n Cycle,Married,26887.0,0,1,2013-10-02,27,6,7,4,3,4,6,1,1,0,3,6,0,0,0,0,0,0,3,11,0
1745,1962,PhD,Divorced,85696.0,0,0,2013-03-05,88,714,76,395,116,0,12,1,4,6,9,1,0,0,0,0,0,0,3,11,1
8369,1987,Graduation,Together,18227.0,1,0,2012-08-11,21,1,2,7,4,3,11,1,0,1,2,8,0,0,0,0,0,0,3,11,0
2407,1982,Graduation,Married,69109.0,0,0,2012-09-11,10,823,25,459,124,29,95,1,6,6,7,4,0,0,1,0,0,0,3,11,1
7275,1971,Master,Single,33316.0,1,1,2013-04-10,34,79,1,31,4,4,12,3,2,1,4,6,0,0,0,0,0,0,3,11,0
2674,1958,Master,Single,75154.0,0,1,2012-04-09,79,543,10,205,160,143,82,1,6,3,6,3,0,0,0,0,0,0,3,11,1
2698,1976,Graduation,Single,47025.0,0,1,2013-07-11,52,254,7,108,20,0,26,3,6,3,5,6,0,0,0,0,0,0,3,11,0
10258,1965,Master,Single,35791.0,2,1,2013-06-05,94,27,0,5,0,0,3,2,1,0,3,8,0,0,0,0,0,0,3,11,0
5675,1960,PhD,Divorced,50611.0,0,1,2012-04-10,98,459,0,24,6,0,4,6,4,5,7,6,0,1,0,0,0,0,3,11,0
4743,1969,PhD,Married,56242.0,0,1,2013-03-03,72,689,8,167,11,8,88,5,8,4,11,6,0,0,0,0,0,0,3,11,0
8805,1960,Graduation,Single,48904.0,0,1,2012-02-12,1,283,10,38,0,13,27,4,7,2,4,8,0,0,0,0,0,0,3,11,0
10420,1955,Master,Divorced,46390.0,0,1,2014-05-05,56,95,14,64,2,9,38,1,4,2,3,7,0,0,0,0,0,0,3,11,0
7514,1956,2n Cycle,Together,54342.0,1,1,2013-03-07,74,84,10,34,11,10,28,4,3,1,4,6,0,0,0,0,0,0,3,11,0
793,1973,Graduation,Married,20895.0,1,0,2012-06-10,24,18,3,17,3,0,4,1,2,0,3,9,0,0,0,0,0,0,3,11,0
2963,1979,Graduation,Together,75507.0,0,0,2014-02-05,56,709,93,374,104,80,80,1,8,6,6,3,0,0,0,0,0,0,3,11,0
8216,1972,Master,Married,53761.0,1,1,2013-11-10,7,158,0,76,13,7,71,6,4,4,3,5,0,0,0,0,0,0,3,11,0
8140,1973,Graduation,Together,22682.0,1,0,2013-03-10,51,10,14,29,4,2,36,3,2,1,4,4,0,0,0,0,0,0,3,11,0
10146,1972,PhD,Together,38887.0,1,0,2014-02-03,17,25,1,13,0,0,3,1,1,0,3,7,0,0,0,0,0,0,3,11,0
5289,1975,2n Cycle,Single,41658.0,1,1,2012-09-11,30,8,4,12,15,4,29,2,1,1,2,4,0,0,0,0,0,0,3,11,0
2589,1972,Graduation,Divorced,26759.0,1,0,2014-07-02,65,25,3,16,8,5,2,2,2,1,3,6,0,0,0,0,0,0,3,11,0
10490,1969,PhD,Married,51039.0,1,1,2012-10-12,11,100,64,79,65,0,109,2,6,2,4,7,0,0,0,0,0,0,3,11,0
6613,1970,Master,Married,44511.0,1,0,2012-12-10,39,513,7,133,46,14,14,6,8,4,8,8,0,0,0,0,0,0,3,11,0
10827,1967,PhD,Married,36947.0,1,1,2012-07-08,49,88,3,21,4,1,29,4,3,0,4,9,0,0,0,0,0,0,3,11,0
5491,1951,Master,Together,47352.0,0,1,2013-11-04,70,172,12,112,8,0,15,4,6,1,5,7,0,0,0,0,0,0,3,11,0
8783,1950,Graduation,Married,57045.0,0,1,2012-08-09,40,296,13,104,11,13,17,3,4,2,9,3,0,0,0,0,0,0,3,11,0
10010,1953,PhD,Divorced,36957.0,1,1,2012-06-09,43,100,2,16,2,1,31,4,3,2,2,9,0,0,0,0,0,0,3,11,1
6376,1979,Graduation,Single,57537.0,1,0,2013-10-06,83,191,56,139,51,8,100,4,4,3,8,4,0,0,0,0,0,0,3,11,0
5824,1972,PhD,Together,34578.0,2,1,2014-11-04,1,7,0,1,0,0,0,1,1,0,2,6,0,0,0,0,0,0,3,11,0
2561,1966,Graduation,Single,63810.0,0,1,2012-11-11,45,977,12,253,16,12,101,4,4,3,12,8,0,1,0,0,0,0,3,11,0
2428,1970,Graduation,Married,28164.0,1,0,2013-04-05,23,3,18,26,11,8,12,3,2,0,4,7,0,0,0,0,0,0,3,11,0
1362,1972,Graduation,Single,31907.0,0,0,2013-04-03,75,33,87,64,175,16,74,1,6,1,6,7,0,0,0,0,0,0,3,11,0
7152,1983,Master,Married,27100.0,1,0,2013-05-04,64,12,0,13,2,0,10,1,1,0,3,7,0,0,0,0,0,0,3,11,0
922,1979,2n Cycle,Married,31086.0,1,1,2013-04-05,79,16,2,11,3,0,16,2,1,1,2,8,1,0,0,0,0,0,3,11,0
6856,1979,Graduation,Together,21645.0,1,0,2012-03-09,75,14,0,23,4,5,19,3,3,0,3,9,0,0,0,0,0,0,3,11,1
5221,1957,Graduation,Married,52852.0,0,1,2012-01-12,93,714,8,99,11,0,47,4,10,7,5,8,1,0,0,0,0,0,3,11,0
6652,1965,Graduation,Married,77343.0,0,0,2014-09-06,28,227,151,573,98,54,31,1,3,4,9,1,0,0,0,0,0,0,3,11,0
2157,1972,Graduation,Together,26290.0,1,1,2013-12-01,49,15,8,16,11,5,22,4,2,0,4,6,0,0,0,0,0,0,3,11,0
10133,1970,Graduation,Single,93790.0,0,0,2014-12-02,16,1302,68,731,89,114,45,0,6,7,12,2,0,1,1,1,0,0,3,11,1
5074,1986,Master,Married,28072.0,1,0,2013-08-07,10,30,0,10,2,0,5,1,1,0,3,7,0,0,0,0,0,0,3,11,0
7521,1952,Graduation,Together,83844.0,0,0,2013-12-05,57,901,31,345,75,31,191,1,4,4,11,1,0,0,1,0,0,0,3,11,0
7196,1950,PhD,Married,41145.0,1,1,2014-08-02,20,9,0,3,0,0,1,1,0,0,3,3,0,0,0,0,0,0,3,11,0
4864,1977,Graduation,Married,34380.0,1,0,2013-02-05,68,72,7,58,13,1,24,4,4,1,3,8,0,0,0,0,0,0,3,11,0
4070,1969,PhD,Married,94871.0,0,2,2012-01-09,99,169,24,553,188,0,144,1,8,5,4,7,0,1,1,0,0,0,3,11,1
3697,1954,Graduation,Together,39898.0,0,1,2013-12-02,20,69,8,26,12,7,12,2,3,0,4,7,0,0,0,0,0,0,3,11,0
4220,1970,PhD,Married,59892.0,0,1,2013-02-11,26,73,0,13,0,1,0,1,2,1,3,3,0,0,0,0,0,0,3,11,0
2849,1979,Graduation,Single,60474.0,0,1,2013-01-04,25,265,199,303,234,9,170,7,10,2,12,7,0,0,0,0,0,0,3,11,0
8370,1976,2n Cycle,Together,75484.0,0,1,2012-02-08,50,378,97,259,197,194,34,2,7,3,6,4,0,0,0,0,0,0,3,11,0
9988,1976,Master,Single,70379.0,0,1,2013-03-03,84,553,25,142,65,67,8,3,6,3,13,4,0,0,0,0,0,0,3,11,0
5529,1946,PhD,Together,64014.0,2,1,2014-10-06,56,406,0,30,0,0,8,7,8,2,5,7,0,0,0,1,0,0,3,11,0
9743,1955,Graduation,Married,76998.0,0,1,2013-11-01,85,1449,89,161,69,35,107,2,11,8,8,6,0,0,1,0,0,0,3,11,0
5763,1972,Master,Together,49854.0,1,0,2013-10-11,63,123,17,171,39,0,30,5,6,2,5,6,0,0,0,0,0,0,3,11,0
7250,1978,Graduation,Together,57867.0,1,0,2013-01-10,48,344,35,178,15,23,17,7,7,2,9,6,0,0,0,0,0,0,3,11,0
2005,1990,Graduation,Married,35765.0,1,0,2013-11-12,86,22,3,30,0,5,15,2,2,0,4,6,0,0,0,0,0,0,3,11,0
6885,1977,Graduation,Divorced,32952.0,1,0,2013-01-12,36,38,0,12,3,1,1,1,2,0,3,7,0,0,0,0,0,0,3,11,0
4093,1975,Master,Together,53253.0,1,1,2013-11-02,61,216,9,57,20,9,125,7,4,3,5,5,0,0,0,0,0,0,3,11,0
3594,1973,Master,Married,54108.0,1,1,2012-05-11,74,539,6,91,8,6,97,13,8,2,9,8,0,0,0,0,0,0,3,11,0
851,1972,Master,Married,57136.0,1,1,2013-09-07,48,306,5,109,21,109,92,9,5,2,10,6,0,0,0,0,0,0,3,11,0
7706,1975,2n Cycle,Together,46772.0,0,1,2012-07-11,88,350,104,189,197,151,57,6,11,8,5,8,1,0,0,0,0,0,3,11,0
10128,1958,Graduation,Together,53977.0,0,1,2013-08-06,21,620,16,165,0,24,82,5,5,5,12,5,0,0,0,0,0,0,3,11,0
486,1988,Graduation,Married,84219.0,0,0,2014-02-02,27,434,137,400,45,137,45,1,3,4,10,1,0,0,0,0,0,0,3,11,0
2853,1980,Graduation,Single,51766.0,1,0,2014-11-03,74,60,51,87,6,20,51,2,4,2,4,5,0,0,0,0,0,0,3,11,0
6310,1978,Graduation,Married,33039.0,1,0,2013-09-09,4,30,8,12,8,8,12,1,2,0,4,5,0,0,0,0,0,0,3,11,0
3887,1970,Graduation,Single,27242.0,1,0,2012-11-11,2,3,17,26,20,1,39,2,2,0,3,9,0,0,0,0,0,0,3,11,1
4278,1983,PhD,Single,87188.0,0,0,2013-03-06,73,910,111,724,49,74,55,1,10,2,6,3,0,0,0,0,0,0,3,11,1
1998,1976,Graduation,Single,37697.0,1,0,2014-07-02,82,34,6,21,11,4,8,1,2,1,3,6,0,0,0,0,0,0,3,11,0
10795,1973,PhD,Married,37401.0,1,0,2014-06-05,14,19,3,19,3,1,3,2,2,0,3,7,0,0,0,0,0,0,3,11,0
202,1948,PhD,Widow,82032.0,0,0,2014-05-04,54,332,194,377,149,125,57,0,4,6,7,1,0,0,0,0,0,0,3,11,0
7998,1958,Graduation,Together,28087.0,1,1,2012-11-12,77,53,8,17,13,0,21,3,2,2,2,7,0,0,0,0,0,0,3,11,0
6050,1975,2n Cycle,Married,57036.0,0,1,2012-11-12,33,1171,43,219,19,14,47,4,6,3,13,9,1,0,0,0,0,0,3,11,0
3745,1988,2n Cycle,Married,23331.0,1,0,2012-04-09,92,5,36,7,0,10,45,2,3,0,3,8,0,0,0,0,0,0,3,11,0
9771,1988,2n Cycle,Single,23331.0,1,0,2012-05-10,97,104,20,101,24,15,5,6,5,1,5,9,0,0,0,0,0,0,3,11,0
10530,1959,PhD,Widow,67786.0,0,0,2013-07-12,0,431,82,441,80,20,102,1,3,6,6,1,0,0,0,0,0,0,3,11,1
8920,1967,Master,Single,59235.0,1,0,2013-12-01,4,448,40,469,80,0,91,3,11,2,12,7,0,0,0,0,0,0,3,11,0
3852,1961,Master,Together,74881.0,1,1,2013-08-03,48,505,72,270,36,27,54,4,9,2,12,5,0,0,0,0,0,0,3,11,0
6365,1987,2n Cycle,Married,30390.0,0,0,2013-02-09,5,10,12,12,25,1,20,1,2,0,3,6,0,0,0,0,0,0,3,11,0
5636,1963,Graduation,Single,30983.0,0,0,2012-09-11,50,51,4,50,12,1,49,1,4,0,3,8,0,0,0,0,0,0,3,11,1
2544,1951,Master,Divorced,57530.0,0,1,2013-12-10,68,50,1,27,6,7,1,1,1,1,4,1,0,0,0,0,0,0,3,11,0
7725,1965,2n Cycle,Married,76800.0,0,0,2014-08-03,33,173,26,255,35,71,81,1,4,4,7,1,0,0,0,0,0,0,3,11,0
8091,1956,Graduation,Married,63943.0,0,1,2012-02-09,50,423,184,368,13,97,21,1,6,4,6,5,0,0,0,0,0,0,3,11,0
5462,1974,Graduation,Married,67445.0,0,1,2012-12-08,63,757,80,217,29,80,11,5,9,6,12,6,0,0,0,0,0,0,3,11,0
879,1976,Master,Married,49681.0,0,2,2013-04-11,66,411,0,26,0,0,21,6,7,1,7,7,0,0,0,0,0,0,3,11,0
9530,1988,Graduation,Married,24645.0,1,0,2012-01-11,16,5,3,4,4,1,0,1,1,0,2,8,0,0,0,0,0,0,3,11,0
7476,1964,Master,Single,63972.0,0,1,2012-02-12,93,928,63,254,0,12,12,4,5,4,10,4,0,1,0,0,0,0,3,11,0
9916,1954,Graduation,Married,38998.0,1,1,2012-03-11,92,34,1,14,0,0,5,3,2,0,3,8,0,0,0,0,0,1,3,11,0
9952,1947,Master,Together,78093.0,0,0,2013-11-12,53,368,32,639,13,43,10,1,4,7,5,1,0,0,0,0,0,0,3,11,0
3503,1950,Graduation,Divorced,82460.0,0,0,2013-02-12,78,255,47,573,52,32,15,1,5,3,6,1,0,0,0,0,0,0,3,11,0
5892,1980,Graduation,Married,34968.0,1,0,2013-10-04,11,158,6,45,8,2,2,7,3,2,5,7,0,0,0,0,0,0,3,11,0
4971,1962,PhD,Together,31497.0,0,1,2012-06-12,22,108,1,28,13,1,4,2,3,1,4,8,0,0,0,0,0,0,3,11,0
1131,1967,PhD,Single,52569.0,0,1,2014-05-04,54,85,0,3,0,0,7,1,2,0,4,3,0,0,0,0,0,0,3,11,0
2565,1955,Master,Divorced,70638.0,0,0,2013-01-06,69,1016,12,215,16,12,63,1,4,5,10,3,0,1,0,0,0,0,3,11,0
11092,1961,Graduation,Married,27116.0,1,1,2014-02-03,78,12,1,21,2,2,3,2,2,0,3,7,0,0,0,0,0,0,3,11,0
4480,1973,Master,Married,60432.0,0,1,2014-09-03,61,365,3,15,4,3,11,5,7,2,5,6,0,0,0,0,0,0,3,11,0
9971,1964,PhD,Married,65526.0,0,1,2014-11-04,22,397,19,69,12,0,9,1,4,4,8,2,0,0,0,0,0,0,3,11,0
6729,1988,Graduation,Single,68655.0,0,0,2012-10-08,95,456,19,832,75,118,38,1,4,5,11,3,0,0,0,0,0,0,3,11,0
1773,1978,2n Cycle,Married,12393.0,0,0,2012-04-12,38,5,6,15,11,7,13,1,2,0,3,9,0,0,0,0,0,0,3,11,0
1764,1975,Graduation,Single,33955.0,1,0,2013-09-08,92,100,2,128,23,7,10,4,5,1,5,8,0,0,0,0,0,0,3,11,0
10099,1984,Graduation,Married,55434.0,1,0,2013-05-10,21,238,115,215,169,69,76,3,5,3,13,4,0,0,0,0,0,0,3,11,0
3298,1956,Master,Married,52973.0,0,1,2012-08-11,92,856,0,76,12,9,199,7,9,6,9,8,0,0,0,0,0,0,3,11,0
9668,1971,Graduation,Married,18793.0,1,0,2013-12-01,14,4,16,20,0,17,20,3,2,0,4,8,0,0,0,0,0,0,3,11,0
7408,1952,PhD,Married,54549.0,0,1,2014-03-03,8,216,2,6,0,0,9,2,5,1,4,7,0,0,0,0,0,0,3,11,0
8041,1971,PhD,Widow,47111.0,0,1,2012-08-09,35,595,71,153,120,112,41,6,3,2,10,9,0,0,0,0,0,0,3,11,0
10906,1948,PhD,Together,46681.0,0,2,2013-08-10,52,269,15,69,15,19,38,2,4,6,4,5,0,0,0,0,0,0,3,11,0
3427,1955,PhD,Married,59821.0,0,1,2013-12-04,11,629,0,70,0,0,35,6,11,2,7,8,0,0,0,0,0,0,3,11,0
10711,1945,Graduation,Married,69755.0,0,0,2013-02-10,23,217,77,373,111,23,93,1,3,6,12,1,0,0,0,0,0,0,3,11,0
3829,1979,Basic,Together,24594.0,1,0,2013-10-12,94,1,3,6,10,0,9,1,1,0,3,5,0,0,0,0,0,0,3,11,0
3091,1981,2n Cycle,Together,75774.0,1,0,2014-02-05,27,340,21,134,258,14,56,1,7,5,8,4,0,0,0,0,0,0,3,11,0
10141,1960,Master,Divorced,39228.0,0,0,2013-10-05,1,7,1,6,0,3,3,1,0,0,3,4,0,0,0,0,0,0,3,11,0
5177,1974,Master,Married,58494.0,0,1,2013-12-12,56,298,7,68,4,0,19,2,6,2,6,6,0,0,0,0,0,0,3,11,0
7485,1950,PhD,Widow,56551.0,1,1,2014-07-05,48,67,4,32,17,2,16,3,2,1,4,4,0,0,0,0,0,0,3,11,0
10352,1963,Graduation,Widow,34213.0,1,1,2012-07-09,2,50,4,28,6,3,26,3,3,1,2,9,0,0,0,0,0,0,3,11,1
1834,1978,Master,Single,35544.0,1,0,2014-08-03,77,30,5,23,4,1,4,1,2,0,3,7,0,0,0,0,0,0,3,11,0
2295,1954,PhD,Married,62670.0,0,1,2014-02-02,57,539,30,92,80,46,38,1,5,3,13,3,0,0,0,0,0,0,3,11,0
1165,1958,PhD,Single,50729.0,1,1,2013-02-05,62,239,13,143,45,4,52,9,6,2,7,6,0,0,0,0,0,0,3,11,0
2639,1966,Graduation,Single,43602.0,1,1,2014-10-01,45,19,5,12,10,3,19,3,3,1,2,6,0,0,0,0,0,0,3,11,0
8299,1989,PhD,Single,33996.0,0,0,2013-11-09,46,40,2,15,8,0,6,1,1,1,3,4,0,0,0,0,0,0,3,11,0
1964,1951,Graduation,Together,86610.0,0,0,2013-05-09,66,446,107,768,33,196,53,1,5,6,6,2,0,0,0,0,0,0,3,11,0
3690,1986,Master,Married,80141.0,0,0,2013-11-01,20,1184,102,673,52,40,40,1,7,4,10,6,0,0,1,0,0,0,3,11,1
3433,1955,2n Cycle,Married,72635.0,0,0,2013-03-06,54,390,22,323,104,35,107,1,6,8,6,3,0,0,0,1,0,0,3,11,0
4065,1976,PhD,Married,49544.0,1,0,2013-12-02,0,308,0,73,0,0,23,2,5,1,8,7,0,0,0,0,0,0,3,11,0
1215,1978,Graduation,Together,70440.0,0,0,2013-08-10,49,690,117,499,76,102,88,1,5,10,7,3,0,0,0,1,0,0,3,11,0
2156,1955,PhD,Married,22554.0,1,1,2012-03-11,38,27,0,10,0,0,4,4,2,0,4,5,0,0,0,0,0,0,3,11,0
7788,1983,PhD,Married,23536.0,1,0,2014-04-06,53,6,0,3,0,0,1,1,0,0,3,3,0,0,0,0,0,0,3,11,0
1891,1980,Master,Divorced,78789.0,0,0,2012-08-08,12,667,50,850,21,83,83,1,4,6,5,2,0,0,0,0,0,0,3,11,1
9256,1971,Graduation,Single,58350.0,0,1,2013-04-01,5,493,26,206,116,80,80,4,8,3,12,6,0,0,0,0,0,0,3,11,0
6349,1987,Master,Divorced,61787.0,0,0,2013-06-07,71,621,73,414,78,48,85,1,8,4,6,5,0,0,0,0,0,0,3,11,0
4676,1951,Master,Widow,73705.0,0,2,2014-05-03,86,612,91,520,258,107,107,2,9,6,8,5,0,0,0,0,0,0,3,11,0
7349,1973,Basic,Together,9722.0,1,0,2012-02-10,7,6,17,16,6,16,42,4,3,1,3,8,0,0,0,0,0,0,3,11,1
7732,1978,Graduation,Married,64813.0,1,0,2014-02-01,81,293,0,124,179,97,52,1,7,2,10,5,0,0,0,0,0,0,3,11,0
8070,1973,PhD,Married,54222.0,0,1,2014-01-03,98,199,12,31,3,12,7,1,3,3,5,3,0,0,0,0,0,0,3,11,0
2202,1978,Graduation,Together,41154.0,0,1,2013-09-04,98,44,2,11,2,3,7,1,1,0,4,5,0,0,0,0,0,0,3,11,0
7396,1966,Graduation,Married,80398.0,0,0,2012-10-11,92,342,51,936,207,35,26,1,5,8,12,3,0,0,1,0,0,0,3,11,0
7629,1977,Graduation,Married,22108.0,1,1,2014-08-05,46,5,3,9,6,2,6,2,2,0,3,7,0,0,0,0,0,0,3,11,0
10640,1974,Graduation,Together,44392.0,1,1,2013-05-09,71,87,5,71,7,12,29,5,4,1,4,7,0,0,0,0,0,0,3,11,0
1172,1983,PhD,Married,92491.0,0,0,2013-01-05,71,979,44,935,29,25,22,1,7,5,12,3,0,1,1,1,0,0,3,11,1
4686,1962,PhD,Widow,82571.0,0,0,2014-02-04,28,861,31,558,62,95,79,0,6,5,13,2,0,0,1,0,0,0,3,11,0
1744,1965,Basic,Single,23529.0,0,1,2013-07-01,67,9,7,13,3,2,20,1,1,1,2,6,0,0,0,0,0,0,3,11,0
1000,1961,Master,Together,74881.0,1,1,2013-08-03,48,505,72,270,36,27,54,4,9,2,12,5,0,0,0,0,0,0,3,11,0
10129,1966,Graduation,Together,82427.0,0,0,2014-12-03,35,482,147,509,104,107,107,1,3,5,12,1,0,0,1,0,0,0,3,11,0
2499,1958,2n Cycle,Single,75342.0,0,1,2013-06-05,38,204,97,97,21,118,26,1,5,2,10,4,0,0,0,0,0,0,3,11,0
1064,1971,PhD,Married,42403.0,1,0,2013-11-12,18,22,1,11,0,5,3,1,1,0,3,8,0,0,0,0,0,0,3,11,0
737,1949,PhD,Married,80360.0,0,0,2013-03-03,56,1493,86,454,112,43,43,2,4,4,5,2,0,1,1,1,0,0,3,11,0
7807,1974,Graduation,Married,44989.0,0,1,2012-12-09,26,98,0,106,49,10,106,5,5,1,5,6,0,0,0,0,0,0,3,11,0
5092,1949,PhD,Widow,51569.0,0,1,2013-12-02,39,380,0,47,6,0,34,4,7,1,7,8,0,1,0,0,0,0,3,11,1
3798,1968,Graduation,Married,41120.0,1,1,2013-06-11,80,24,2,23,0,8,24,3,2,1,3,6,0,0,0,0,0,0,3,11,0
3524,1971,Master,Single,39763.0,1,0,2013-04-08,9,80,1,60,4,6,16,2,5,1,2,9,0,0,0,0,0,0,3,11,1
5247,1955,PhD,Married,38725.0,1,1,2014-10-05,52,31,0,6,2,1,5,2,1,0,4,4,0,0,0,0,0,0,3,11,0
2118,1964,2n Cycle,Married,62905.0,0,1,2013-10-09,68,166,75,96,119,107,59,3,7,2,8,4,0,0,0,0,0,0,3,11,0
8812,1979,2n Cycle,Divorced,13533.0,1,0,2013-10-03,45,12,3,8,8,0,17,2,2,0,3,7,0,0,0,0,0,0,3,11,0
4328,1986,2n Cycle,Married,21955.0,1,0,2013-07-09,81,5,1,7,17,14,11,2,2,1,3,6,0,0,0,0,0,0,3,11,0
2631,1982,Graduation,Together,71853.0,0,0,2013-08-05,29,358,108,413,141,97,32,1,2,8,6,1,0,0,0,0,0,0,3,11,0
8895,1985,Graduation,Single,70596.0,0,0,2012-05-10,68,347,44,534,17,0,26,1,3,5,12,2,0,0,0,0,0,0,3,11,0
8584,1952,PhD,Together,85431.0,0,0,2013-08-06,54,376,53,462,168,53,53,1,2,7,7,0,0,0,0,0,0,0,3,11,0
10477,1973,PhD,Together,39435.0,1,0,2013-06-08,16,71,0,18,0,0,13,1,3,1,2,7,0,0,0,0,0,0,3,11,0
2681,1984,2n Cycle,Married,65370.0,0,0,2013-01-08,1,71,22,112,138,89,29,1,2,3,13,1,0,0,0,0,0,0,3,11,0
7261,1971,Graduation,Together,34600.0,1,1,2013-01-01,8,199,33,60,8,3,15,5,5,2,5,8,0,0,0,0,0,0,3,11,1
9648,1967,Graduation,Single,46904.0,1,1,2012-03-11,20,153,4,56,0,9,31,4,5,1,4,8,0,0,0,0,0,0,3,11,0
8008,1983,Graduation,Together,36075.0,1,0,2013-09-12,54,46,0,30,12,1,30,1,2,0,4,6,0,0,0,0,0,0,3,11,0
6173,1979,Graduation,Together,77298.0,0,1,2013-02-11,46,425,115,292,23,35,79,1,6,6,11,3,0,0,0,0,0,0,3,11,0
1419,1950,Graduation,Together,34026.0,1,1,2013-05-08,11,18,6,15,12,8,17,3,2,1,3,5,0,0,0,0,0,0,3,11,0
9150,1963,PhD,Single,48918.0,1,1,2014-12-04,21,52,0,9,0,0,1,2,1,0,4,4,0,0,0,0,0,0,3,11,0
1250,1976,Graduation,Single,37697.0,1,0,2014-07-02,82,34,6,21,11,4,8,1,2,1,3,6,0,0,0,0,0,0,3,11,0
7002,1955,Graduation,Single,62535.0,0,1,2013-03-10,13,163,48,90,0,45,52,1,3,2,8,3,0,0,0,0,0,0,3,11,0
8439,1964,Graduation,Together,63404.0,0,2,2014-06-06,97,734,26,70,11,44,17,2,6,3,4,4,0,0,0,1,0,0,3,11,0
762,1981,2n Cycle,Together,75774.0,1,0,2014-02-05,27,340,21,134,258,14,56,1,7,5,8,4,0,0,0,0,0,0,3,11,0
8397,1951,Graduation,Married,44689.0,1,1,2014-10-01,82,18,0,5,0,0,11,2,1,1,2,7,1,0,0,0,0,0,3,11,0
9284,1958,Graduation,Together,53977.0,0,1,2013-08-06,21,620,16,165,0,24,82,5,5,5,12,5,0,0,0,0,0,0,3,11,0
6237,1966,PhD,Single,7144.0,0,2,2013-07-12,92,81,4,33,5,2,291,0,23,1,1,0,0,0,0,0,0,0,3,11,0
3130,1964,Graduation,Single,18701.0,1,1,2013-04-06,95,12,4,2,10,6,10,4,2,0,4,5,0,0,0,0,0,0,3,11,0
1990,1974,PhD,Single,63159.0,0,0,2012-05-11,74,965,34,586,89,86,37,1,3,5,8,3,1,0,0,0,0,0,3,11,0
5513,1966,Graduation,Together,37758.0,1,1,2012-04-10,49,27,2,10,0,0,1,2,1,0,3,8,0,0,0,0,0,0,3,11,0
2415,1962,Graduation,Together,62568.0,0,1,2014-07-04,99,362,17,398,80,35,61,3,5,3,5,4,0,0,0,1,0,0,3,11,0
5684,1971,Master,Divorced,44635.0,1,1,2013-11-10,25,56,0,9,0,0,3,2,2,0,3,7,0,0,0,0,0,0,3,11,0
8334,1971,Master,Single,33316.0,1,1,2013-04-10,34,79,1,31,4,4,12,3,2,1,4,6,0,0,0,0,0,0,3,11,0
9166,1968,Graduation,Married,63967.0,0,1,2013-09-08,57,387,84,141,73,35,162,3,4,4,12,2,0,0,0,0,0,0,3,11,0
1440,1978,2n Cycle,Together,52513.0,0,0,2012-04-09,84,367,17,241,104,188,232,2,9,5,9,7,0,0,0,0,0,0,3,11,0
6859,1987,Graduation,Single,29236.0,1,0,2013-08-10,30,37,4,24,16,9,9,2,4,0,3,9,0,0,0,0,0,0,3,11,0
10521,1977,Graduation,Married,54809.0,1,1,2013-11-09,0,63,6,57,13,13,22,4,2,1,5,4,0,0,0,0,0,0,3,11,1
7393,1978,Graduation,Together,41580.0,1,1,2012-10-12,15,56,5,24,4,0,3,3,2,1,3,5,0,0,0,0,0,0,3,11,0
7849,1970,PhD,Married,80336.0,0,0,2013-09-09,12,209,19,456,160,142,66,1,2,9,13,1,0,0,0,0,0,0,3,11,0
9847,1955,2n Cycle,Married,62972.0,0,1,2012-03-08,39,313,15,47,20,0,192,2,7,4,3,6,0,0,0,0,0,0,3,11,0
9576,1982,PhD,Together,32313.0,1,0,2013-11-02,60,86,4,56,2,4,7,3,4,0,4,9,0,0,0,0,0,0,3,11,0
6906,1953,Master,Widow,84953.0,0,0,2013-03-06,73,167,48,602,63,72,72,1,3,10,4,2,0,1,1,1,0,0,3,11,1
8527,1965,Master,Together,65735.0,1,1,2013-07-12,37,239,7,119,4,15,11,5,6,2,6,7,0,0,0,0,0,0,3,11,0
7872,1975,PhD,Married,86836.0,0,0,2012-12-09,7,179,21,273,0,21,63,1,6,10,6,5,1,0,1,1,0,0,3,11,1
10595,1990,Graduation,Married,30093.0,0,0,2013-08-07,19,2,6,28,13,4,16,1,2,0,3,7,0,0,0,0,0,0,3,11,0
4609,1966,PhD,Married,57705.0,0,1,2014-11-01,14,383,0,53,6,4,40,3,8,1,6,6,0,0,0,0,0,0,3,11,0
5010,1988,Graduation,Single,25008.0,1,0,2014-02-02,72,2,8,8,6,1,9,2,1,0,3,8,0,0,0,0,0,0,3,11,0
9595,1961,Graduation,Together,64260.0,0,0,2013-11-01,1,539,169,816,20,0,30,1,4,5,4,3,0,0,0,0,0,0,3,11,1
10163,1984,PhD,Single,82733.0,0,0,2013-10-09,28,712,50,420,65,38,38,1,8,4,7,4,0,0,0,0,0,0,3,11,1
2886,1971,Master,Divorced,74290.0,0,1,2013-12-08,70,1121,0,72,0,12,12,4,10,8,10,6,0,1,0,1,0,0,3,11,0
5316,1976,Master,Together,21024.0,0,0,2013-04-07,89,36,4,18,6,2,18,1,2,0,4,7,0,0,0,0,0,0,3,11,0
1459,1966,PhD,Married,69063.0,0,1,2012-07-11,16,666,35,124,69,8,26,1,5,3,5,3,0,0,0,0,0,0,3,11,0
1630,1979,Graduation,Single,61825.0,0,1,2013-07-08,56,162,50,100,55,30,27,1,4,2,8,4,0,0,0,0,0,0,3,11,0
9064,1982,Graduation,Married,69109.0,0,0,2012-09-11,10,823,25,459,124,29,95,1,6,6,7,4,0,0,1,0,0,0,3,11,1
3678,1973,Graduation,Widow,60208.0,1,1,2012-07-10,13,488,23,71,15,0,59,11,8,3,7,7,0,1,0,0,0,0,3,11,1
4227,1968,Master,Together,32889.0,1,1,2013-06-09,78,28,0,13,4,2,8,3,2,1,3,5,0,0,0,0,0,0,3,11,0
9467,1984,Graduation,Single,34738.0,1,0,2014-11-05,51,3,2,10,3,0,2,1,1,0,3,6,0,0,0,0,0,0,3,11,0
8486,1971,Master,Together,30538.0,1,0,2012-01-10,27,284,0,52,8,3,20,4,9,0,4,10,0,0,0,0,0,0,3,11,0
2186,1977,2n Cycle,Together,82326.0,0,0,2014-10-03,30,938,142,754,159,81,183,1,5,10,6,2,0,1,1,1,0,0,3,11,1
3286,1967,PhD,Divorced,26642.0,1,0,2014-01-03,71,13,2,15,2,2,8,2,2,0,3,6,0,0,0,0,0,0,3,11,0
8602,1964,Graduation,Divorced,69932.0,0,1,2013-12-06,97,412,172,153,150,105,57,2,7,6,11,4,0,0,0,0,0,0,3,11,0
6715,1948,PhD,Single,60200.0,0,1,2013-02-01,3,502,19,132,0,6,26,6,6,2,11,6,0,0,0,0,0,0,3,11,0
9612,1987,2n Cycle,Single,23830.0,0,0,2014-07-02,3,1,8,6,4,8,16,1,1,0,3,7,0,0,0,0,0,0,3,11,0
10702,1984,Graduation,Single,52413.0,1,0,2012-03-11,67,185,8,133,56,56,12,2,7,1,7,7,0,0,0,0,0,0,3,11,0
5113,1971,PhD,Divorced,86979.0,0,0,2013-07-11,67,584,100,835,65,83,35,1,5,5,5,2,1,0,0,0,0,0,3,11,1
10858,1975,Graduation,Together,76532.0,1,1,2013-09-09,38,355,30,177,90,138,30,4,9,5,7,5,0,0,0,0,0,0,3,11,0
3010,1989,Master,Together,88420.0,0,0,2014-02-05,87,957,153,612,99,95,153,1,4,7,8,1,1,0,1,1,0,0,3,11,0
6892,1968,Graduation,Divorced,61671.0,0,1,2014-03-06,23,641,7,56,0,0,28,8,10,4,6,8,0,1,0,1,0,0,3,11,0
8462,1978,Basic,Together,24882.0,1,0,2012-09-09,52,1,4,10,29,0,36,1,1,1,2,6,1,0,0,0,0,0,3,11,0
544,1954,Graduation,Married,62820.0,0,0,2013-11-05,51,398,61,265,138,61,53,1,3,4,6,1,0,0,0,0,0,0,3,11,0
17,1971,PhD,Married,60491.0,0,1,2013-06-09,81,637,47,237,12,19,76,4,6,11,7,5,0,0,0,0,0,0,3,11,0
10680,1986,Graduation,Together,33235.0,1,0,2014-05-02,71,45,0,16,2,1,6,1,3,0,3,7,0,0,0,0,0,0,3,11,0
5544,1970,Graduation,Single,67384.0,0,1,2012-10-11,32,957,40,175,158,53,107,2,7,8,5,5,0,1,0,0,0,0,3,11,0
4994,1943,Master,Single,77598.0,0,0,2013-01-10,53,1193,33,281,129,66,33,1,7,5,13,3,0,0,1,0,0,0,3,11,0
7966,1959,Graduation,Single,80982.0,1,1,2013-08-01,48,505,137,401,104,22,22,3,11,5,11,5,0,0,0,0,0,1,3,11,0
3112,1977,Master,Married,22701.0,1,0,2013-05-09,2,2,4,9,0,4,5,1,1,0,3,5,0,0,0,0,0,0,3,11,0
1458,1982,Master,Married,21059.0,1,0,2014-07-01,40,8,3,19,3,3,8,3,3,0,3,6,0,0,0,0,0,0,3,11,0
7007,1968,Master,Married,29543.0,2,0,2014-01-04,47,17,3,18,3,4,18,2,3,1,2,7,0,0,0,0,0,0,3,11,0
6200,1951,Graduation,Married,75903.0,0,1,2013-08-04,50,340,108,185,130,38,100,2,6,6,9,3,0,0,0,0,0,0,3,11,0
1403,1975,2n Cycle,Together,34984.0,1,1,2012-06-09,40,8,4,15,3,5,3,2,1,0,3,7,0,0,0,0,0,0,3,11,0
4827,1956,PhD,Single,54998.0,0,1,2013-10-03,3,154,22,202,39,30,8,5,4,2,9,4,0,0,0,0,0,0,3,11,1
1139,1984,PhD,Married,73356.0,0,0,2014-06-02,56,1050,14,322,0,14,112,1,5,11,5,2,1,0,1,1,0,0,3,11,1
5393,1977,Graduation,Single,23763.0,1,0,2012-07-08,64,22,0,6,6,2,6,1,1,0,3,7,0,0,0,0,0,0,3,11,0
10868,1951,Graduation,Widow,70792.0,0,0,2013-06-02,82,344,45,654,104,11,114,2,3,4,10,3,0,0,0,0,0,0,3,11,0
10676,1982,Graduation,Married,63211.0,0,0,2012-02-11,3,145,193,459,205,26,145,2,3,8,7,2,0,0,0,0,0,0,3,11,1
9955,1954,Graduation,Together,39898.0,0,1,2013-12-02,20,69,8,26,12,7,12,2,3,0,4,7,0,0,0,0,0,0,3,11,0
6663,1940,PhD,Single,51141.0,0,0,2013-08-07,96,144,0,7,0,0,6,1,3,1,4,5,0,0,0,0,0,0,3,11,0
3434,1951,Graduation,Single,80872.0,0,0,2014-12-05,60,483,72,567,94,12,108,1,4,4,10,1,0,0,0,0,0,0,3,11,0
6428,1950,PhD,Widow,76842.0,0,0,2014-03-05,37,605,10,345,84,54,32,1,1,8,7,0,0,0,0,0,0,0,3,11,0
7530,1950,PhD,Widow,56551.0,1,1,2014-07-05,48,67,4,32,17,2,16,3,2,1,4,4,0,0,0,0,0,0,3,11,0
8925,1965,Master,Married,70053.0,0,1,2013-03-07,38,512,53,98,81,179,89,3,8,5,10,5,0,0,0,0,0,0,3,11,0
3009,1962,PhD,Widow,71670.0,0,0,2013-09-07,8,1462,16,128,0,0,160,1,5,3,6,6,0,1,1,0,1,0,3,11,1
3517,1952,Graduation,Single,40887.0,1,1,2013-06-05,32,50,4,44,10,10,43,3,3,1,3,9,0,0,0,0,0,0,3,11,1
1158,1966,Graduation,Divorced,48877.0,0,1,2014-05-01,27,102,1,15,2,0,24,1,3,0,4,7,0,0,0,0,0,0,3,11,0
2452,1971,Graduation,Together,34600.0,1,1,2013-01-01,8,199,33,60,8,3,15,5,5,2,5,8,0,0,0,0,0,0,3,11,1
9507,1975,Graduation,Married,40794.0,0,1,2013-07-04,18,261,23,73,4,23,50,2,6,3,5,7,0,0,0,0,0,0,3,11,0
8360,1971,2n Cycle,Married,54690.0,1,1,2013-07-11,76,111,16,37,7,9,18,3,3,1,5,3,0,0,0,0,0,0,3,11,0
10311,1969,Graduation,Married,4428.0,0,1,2013-05-10,0,16,4,12,2,4,321,0,25,0,0,1,0,0,0,0,0,0,3,11,0
5117,1963,2n Cycle,Married,32632.0,0,0,2012-02-08,32,63,151,137,153,19,53,2,4,4,8,5,0,0,0,0,0,0,3,11,0
9289,1979,Graduation,Married,36781.0,1,0,2014-10-04,16,29,1,17,0,3,13,1,2,1,2,8,0,0,0,0,0,0,3,11,1
10913,1984,Master,Single,31385.0,1,0,2012-05-12,56,3,2,12,0,1,9,1,1,0,2,8,1,0,0,0,0,0,3,11,1
3334,1951,Graduation,Married,94642.0,0,0,2014-12-02,35,879,143,797,106,143,143,0,5,7,9,1,0,0,1,1,0,0,3,11,0
4470,1962,Master,Married,58646.0,0,1,2013-10-06,3,62,1,44,6,5,22,1,2,1,4,4,0,0,0,0,0,0,3,11,0
1406,1975,Graduation,Single,53201.0,1,1,2013-12-02,49,280,7,81,20,0,27,8,6,3,5,7,0,0,0,0,0,0,3,11,0
10821,1978,Graduation,Married,57113.0,1,1,2013-06-02,45,182,4,33,0,2,42,6,4,1,5,7,0,0,0,0,0,0,3,11,0
10164,1958,Graduation,Single,94472.0,0,1,2014-03-04,75,1017,33,417,108,100,16,1,5,5,5,5,0,1,1,0,0,0,3,11,0
176,1980,2n Cycle,Single,67506.0,0,1,2014-02-01,73,90,38,67,33,36,67,1,4,1,6,3,0,0,0,0,0,0,3,11,0
4860,1970,Graduation,Single,24206.0,1,0,2013-08-03,66,7,2,8,3,2,3,1,1,0,3,6,0,0,0,0,0,0,3,11,0
4023,1970,Graduation,Married,22979.0,1,0,2012-06-09,29,16,17,19,20,21,22,3,3,2,2,8,0,0,0,0,0,0,3,11,1
6679,1966,Graduation,Single,33279.0,0,0,2014-12-06,29,10,3,3,0,0,0,1,0,0,3,3,0,0,0,0,0,0,3,11,0
7181,1977,Graduation,Married,30368.0,0,1,2013-07-11,97,35,0,13,2,0,2,2,2,0,3,8,0,0,0,0,0,0,3,11,0
832,1966,PhD,Together,65814.0,0,1,2014-02-03,90,561,14,113,10,14,35,3,8,2,10,5,0,0,0,0,0,0,3,11,0
500,1977,Graduation,Together,96876.0,0,0,2013-06-08,79,908,43,735,40,194,21,1,7,7,9,2,0,1,1,1,0,0,3,11,1
3262,1958,Graduation,Single,68281.0,0,0,2012-07-08,31,995,112,417,42,48,41,1,2,9,13,5,0,0,0,0,0,0,3,11,1
7042,1983,Graduation,Married,36790.0,0,0,2013-01-03,14,3,3,14,15,21,10,1,2,1,2,9,0,0,0,0,0,0,3,11,1
9829,1978,Graduation,Together,28587.0,1,0,2014-12-02,42,22,4,17,12,10,13,3,2,0,4,6,0,0,0,0,0,0,3,11,0
6214,1982,Master,Married,43815.0,1,0,2013-05-04,53,14,10,29,4,7,15,1,2,0,3,6,0,0,0,0,0,0,3,11,0
7861,1952,Master,Married,77027.0,0,1,2014-05-02,23,820,57,242,45,0,11,2,8,3,6,4,0,0,0,0,0,0,3,11,0
4198,1965,Graduation,Together,29672.0,1,1,2013-12-03,6,9,1,3,0,4,8,1,0,0,3,6,0,0,0,0,0,0,3,11,0
9323,1949,Master,Together,49912.0,0,1,2012-07-09,5,520,8,223,32,49,42,4,10,5,7,8,1,0,0,0,0,0,3,11,1
10001,1985,2n Cycle,Together,7500.0,1,0,2012-01-08,98,5,17,17,13,14,34,4,2,1,3,9,0,0,0,0,0,0,3,11,0
3945,1947,PhD,Widow,68117.0,0,1,2013-10-03,80,618,44,215,0,17,36,2,11,8,4,6,1,0,0,0,0,0,3,11,1
8625,1976,Graduation,Married,17649.0,1,0,2013-12-11,70,15,1,23,0,5,1,3,3,0,3,8,0,0,0,0,0,0,3,11,0
9119,1950,Graduation,Together,60905.0,0,1,2013-05-12,27,208,17,76,36,17,38,2,3,3,7,2,0,0,0,0,0,0,3,11,0
4786,1977,Graduation,Married,75330.0,1,1,2012-04-10,94,555,82,257,93,61,61,4,10,3,12,6,0,0,0,0,0,0,3,11,0
5872,1951,Graduation,Single,60689.0,0,1,2013-01-06,23,240,90,216,63,6,24,4,4,4,10,3,0,0,0,0,0,0,3,11,0
5628,1982,Graduation,Together,61416.0,0,0,2013-08-02,25,848,154,323,201,61,78,1,10,3,10,6,1,0,0,0,0,0,3,11,0
5631,1991,Graduation,Single,49767.0,0,0,2013-02-05,92,202,47,197,55,42,149,1,5,4,8,4,0,0,0,0,0,0,3,11,0
5454,1979,Master,Married,45057.0,1,0,2013-01-12,80,37,0,7,3,0,3,1,2,0,3,5,0,0,0,0,0,0,3,11,0
4095,1971,Graduation,Married,37150.0,1,0,2012-11-09,80,167,37,64,49,34,116,8,4,3,6,7,0,0,0,0,0,0,3,11,0
4268,1959,Graduation,Married,53154.0,0,1,2014-09-06,50,129,0,21,0,1,7,1,3,1,4,4,0,0,0,0,0,0,3,11,0
10701,1973,Graduation,Married,65308.0,0,0,2013-11-09,60,713,0,264,120,80,34,1,7,8,12,4,0,0,1,1,0,0,3,11,0
626,1951,Graduation,Married,32871.0,1,1,2013-09-03,28,22,2,12,0,2,5,1,1,0,3,4,0,0,0,0,0,0,3,11,0
10509,1955,Master,Single,36927.0,1,1,2014-02-06,46,51,0,16,0,0,4,2,3,0,3,8,0,0,0,0,0,0,3,11,0
7441,1973,Graduation,Divorced,71128.0,1,0,2012-06-10,80,958,159,447,20,0,31,3,2,10,12,7,0,0,0,0,0,0,3,11,0
10061,1950,Graduation,Married,59462.0,0,1,2013-05-01,29,724,17,143,0,8,196,2,9,2,12,7,0,0,0,0,0,0,3,11,0
322,1978,Graduation,Together,42554.0,1,1,2013-12-01,93,29,1,11,0,0,0,2,2,0,3,4,0,0,0,0,0,0,3,11,0
10897,1974,Graduation,Married,67445.0,0,1,2012-12-08,63,757,80,217,29,80,11,5,9,6,12,6,0,0,0,0,0,0,3,11,0
123,1951,Graduation,Widow,67046.0,0,1,2013-06-01,92,544,35,133,23,151,107,2,4,5,4,2,0,0,0,0,0,0,3,11,0
6103,1948,Graduation,Married,42192.0,0,0,2013-06-09,40,40,15,15,17,6,7,1,2,1,3,4,0,0,0,0,0,0,3,11,0
10500,1984,Graduation,Married,31761.0,1,0,2014-05-04,96,19,1,20,16,14,28,2,3,0,4,5,0,0,0,0,0,0,3,11,0
2406,1949,Graduation,Together,54591.0,0,1,2013-05-08,63,376,4,94,12,9,24,3,6,2,8,5,0,0,0,0,0,0,3,11,0
10643,1987,PhD,Single,42000.0,0,0,2013-10-01,23,124,83,267,85,59,35,2,5,2,11,5,0,0,0,0,0,0,3,11,1
2254,1983,Graduation,Married,69520.0,0,0,2013-07-07,95,627,120,414,121,80,93,1,9,6,5,5,0,0,0,0,0,0,3,11,0
10281,1970,Graduation,Divorced,64713.0,1,0,2014-07-02,11,180,60,241,13,54,54,2,5,5,7,4,0,0,0,0,0,0,3,11,1
6958,1977,Master,Married,27889.0,1,0,2013-05-07,42,14,0,4,0,0,8,1,1,1,2,6,0,0,0,0,0,0,3,11,0
6497,1960,Graduation,Married,51651.0,0,1,2012-07-11,32,293,6,23,13,6,92,4,6,2,5,8,0,0,0,0,0,0,3,11,0
6507,1980,Graduation,Single,30828.0,1,0,2013-04-10,16,16,11,15,2,0,12,2,1,1,4,3,0,0,0,0,0,0,3,11,0
7901,1971,Master,Married,34109.0,0,1,2013-06-11,39,9,1,5,2,1,4,1,0,0,3,4,0,0,0,0,0,0,3,11,0
3107,1976,Graduation,Together,71322.0,0,1,2014-02-05,31,121,24,124,24,15,42,1,4,1,7,2,0,0,0,0,0,0,3,11,0
1146,1949,Master,Together,49912.0,0,1,2012-07-09,5,520,8,223,32,49,42,4,10,5,7,8,1,0,0,0,0,0,3,11,1
6183,1962,Master,Married,58646.0,0,1,2013-10-06,3,62,1,44,6,5,22,1,2,1,4,4,0,0,0,0,0,0,3,11,0
5991,1949,Master,Married,48150.0,0,1,2013-08-06,24,173,2,39,3,2,47,3,5,1,4,7,0,0,0,0,0,0,3,11,0
9729,1955,Graduation,Widow,58275.0,1,1,2013-02-06,48,189,10,253,56,43,64,6,8,2,7,7,0,0,0,0,0,0,3,11,0
3969,1974,Master,Together,43018.0,0,1,2013-01-11,46,35,4,17,7,6,64,1,2,2,2,5,0,0,0,0,0,0,3,11,0
9907,1969,Master,Together,66476.0,0,1,2013-04-12,80,742,28,152,25,9,57,2,6,8,10,4,0,0,0,0,0,0,3,11,0
6262,1962,Master,Single,72217.0,0,0,2013-10-04,93,816,42,450,55,56,154,1,3,10,8,2,0,0,0,0,0,0,3,11,0
8832,1976,Master,Together,37509.0,1,0,2012-12-09,24,37,5,56,12,8,5,2,3,0,4,7,0,0,0,0,0,0,3,11,0
10067,1976,2n Cycle,Together,25176.0,1,1,2013-10-08,79,4,0,4,0,0,5,1,1,0,2,7,0,0,0,0,0,0,3,11,0
4915,1956,2n Cycle,Married,53230.0,0,1,2012-03-08,86,176,72,98,136,21,229,4,5,2,12,5,0,0,0,0,0,0,3,11,0
2088,1972,Graduation,Together,84906.0,0,0,2013-04-10,98,997,15,414,99,30,76,1,5,6,12,2,0,1,1,0,1,0,3,11,0
2493,1966,Graduation,Married,61286.0,0,1,2013-02-08,34,356,0,107,19,9,117,2,7,1,8,5,0,0,0,0,0,0,3,11,0
1631,1965,PhD,Together,65220.0,0,0,2012-03-09,3,890,63,292,0,25,12,4,8,4,7,6,0,0,0,0,0,0,3,11,1
10104,1974,Graduation,Together,33590.0,2,1,2013-03-11,65,4,0,2,0,0,2,1,1,0,2,7,0,0,0,0,0,0,3,11,0
3919,1976,Master,Single,72309.0,0,0,2013-11-03,64,960,0,883,50,38,0,1,5,6,8,3,0,0,0,1,0,0,3,11,1
4369,1957,Master,Absurd,65487.0,0,0,2014-10-01,48,240,67,500,199,0,163,3,3,5,6,2,0,0,0,0,0,0,3,11,0
10127,1965,Graduation,Married,58692.0,0,1,2014-06-04,21,301,11,61,4,7,11,1,8,2,4,7,0,0,0,0,0,0,3,11,0
271,1969,Graduation,Widow,40590.0,1,1,2013-02-10,30,154,0,50,6,11,37,5,3,4,3,6,1,0,0,0,0,0,3,11,0
4973,1970,Graduation,Single,20587.0,1,0,2014-11-05,39,2,3,6,4,1,9,1,1,1,2,7,0,0,0,0,0,0,3,11,0
2948,1954,Master,Divorced,62637.0,0,1,2014-01-03,76,104,12,48,4,12,5,1,2,2,5,2,0,0,0,0,0,0,3,11,0
2715,1966,Master,Divorced,29435.0,1,1,2012-06-08,11,70,3,37,4,2,64,4,3,2,2,9,0,0,0,0,0,0,3,11,1
7124,1968,Graduation,Divorced,36997.0,1,1,2013-01-02,72,43,4,12,8,0,27,5,2,1,4,5,0,0,0,0,0,0,3,11,0
7873,1973,PhD,Together,63516.0,1,1,2013-06-07,30,141,11,114,15,14,5,4,4,1,7,5,0,0,0,0,0,0,3,11,0
10609,1962,PhD,Married,42769.0,0,1,2013-12-10,15,71,0,13,3,1,0,2,1,1,4,4,0,0,0,0,0,0,3,11,0
7699,1969,Graduation,Widow,40590.0,1,1,2013-02-10,30,154,0,50,6,11,37,5,3,4,3,6,1,0,0,0,0,0,3,11,0
8933,1983,2n Cycle,Married,32146.0,1,0,2014-12-05,16,26,3,23,4,7,3,2,2,0,4,6,0,0,0,0,0,0,3,11,0
5186,1955,PhD,Married,58482.0,0,1,2014-12-03,59,576,7,115,19,7,7,2,7,4,9,6,0,1,0,0,0,0,3,11,0
5667,1964,PhD,Married,60896.0,0,1,2012-11-10,90,1013,30,399,60,46,153,3,9,10,4,6,0,0,0,0,0,0,3,11,1
902,1980,Graduation,Together,62994.0,1,0,2014-04-03,74,224,12,48,4,12,12,1,6,2,4,6,0,0,0,0,0,0,3,11,0
977,1957,Graduation,Together,47320.0,0,1,2013-01-08,10,200,19,111,50,15,19,6,5,1,8,6,0,0,0,0,0,0,3,11,0
7313,1949,2n Cycle,Widow,74859.0,0,0,2013-03-06,63,570,73,614,133,102,73,1,6,5,11,3,0,0,0,1,0,0,3,11,0
9362,1965,Graduation,Single,69263.0,0,1,2014-05-03,14,492,5,32,13,5,21,1,9,1,7,6,0,1,0,0,0,0,3,11,0
2829,1955,Graduation,Married,65210.0,0,1,2014-10-03,25,626,0,70,0,7,28,2,9,3,8,6,0,1,0,1,0,0,3,11,0
1772,1975,PhD,Married,79174.0,0,0,2013-11-01,2,1074,37,518,193,92,129,1,5,6,7,2,0,0,1,1,0,0,3,11,1
4377,1971,Graduation,Married,52914.0,0,1,2013-07-01,32,254,10,44,30,10,227,2,7,3,3,7,1,0,0,0,0,0,3,11,0
1321,1974,Graduation,Married,26067.0,1,0,2013-04-11,49,22,2,18,0,2,12,3,3,0,3,8,0,0,0,0,0,0,3,11,0
8858,1972,PhD,Married,44325.0,0,1,2013-07-03,69,516,0,21,0,0,5,4,8,2,7,8,0,1,0,0,0,0,3,11,0
9723,1960,Graduation,Married,67716.0,0,1,2013-10-01,8,530,142,217,62,9,56,4,7,4,13,5,0,1,0,0,0,0,3,11,0
2666,1972,Master,Married,76234.0,0,1,2014-06-02,21,519,50,167,130,0,41,1,8,3,11,3,0,1,0,0,0,0,3,11,0
5721,1956,PhD,Married,84117.0,0,0,2014-11-05,60,611,76,749,59,45,26,1,7,10,6,2,0,0,1,0,0,0,3,11,0
10652,1957,Master,Together,65487.0,0,0,2014-10-01,48,240,67,500,199,0,163,3,3,5,6,2,0,0,0,0,0,0,3,11,0
7990,1947,Graduation,Married,27469.0,0,0,2012-02-08,2,9,1,2,3,2,0,1,0,0,3,6,0,0,0,0,0,0,3,11,0
8722,1957,2n Cycle,Married,82347.0,0,0,2012-06-11,38,556,54,845,202,133,63,1,7,7,10,3,1,0,0,1,0,0,3,11,1
7118,1957,Graduation,Married,73803.0,0,1,2012-01-08,61,833,80,363,52,26,174,2,9,5,6,6,1,0,0,0,0,0,3,11,1
7620,1990,Basic,Single,16185.0,1,0,2013-05-08,71,5,11,16,21,8,45,2,2,2,2,8,0,0,0,0,0,0,3,11,0
2736,1978,Graduation,Married,73807.0,0,1,2013-02-01,88,366,124,156,71,78,54,2,5,5,11,2,0,0,0,0,0,0,3,11,0
1092,1980,Graduation,Married,61014.0,0,1,2012-11-08,17,269,129,495,182,43,29,4,9,3,4,7,0,0,0,0,0,0,3,11,0
3850,1963,Basic,Together,14918.0,0,1,2012-07-12,52,3,3,3,15,4,15,1,1,0,3,6,0,0,0,0,0,0,3,11,0
10469,1981,Graduation,Together,88325.0,0,0,2014-05-02,42,519,71,860,93,27,53,1,6,2,9,2,0,0,0,0,0,0,3,11,0
6983,1950,Master,Divorced,38054.0,1,1,2014-01-05,24,23,2,17,2,1,0,2,2,0,3,7,0,0,0,0,0,0,3,11,0
3661,1995,2n Cycle,Single,80617.0,0,0,2012-12-10,42,594,51,631,72,55,32,1,4,6,8,2,0,0,0,0,0,0,3,11,0
9589,1948,PhD,Widow,82032.0,0,0,2014-05-04,54,332,194,377,149,125,57,0,4,6,7,1,0,0,0,0,0,0,3,11,0
7366,1982,Master,Single,75777.0,0,0,2013-04-07,12,712,26,538,69,13,80,1,3,6,11,1,0,1,1,0,0,0,3,11,1
10659,1979,2n Cycle,Together,7500.0,1,0,2013-07-05,7,2,8,11,3,8,21,4,3,2,2,7,0,0,0,0,0,0,3,11,0
4286,1970,PhD,Single,57642.0,0,1,2014-09-01,24,580,6,58,8,0,27,3,7,6,6,4,1,0,0,0,0,0,3,11,0
4201,1962,Graduation,Single,57967.0,0,1,2013-03-03,39,229,7,137,4,0,91,5,4,2,8,5,0,0,0,0,0,0,3,11,0
9432,1977,Graduation,Together,666666.0,1,0,2013-02-06,23,9,14,18,8,1,12,4,3,1,3,6,0,0,0,0,0,0,3,11,0
8372,1974,Graduation,Married,34421.0,1,0,2013-01-07,81,3,3,7,6,2,9,1,1,0,2,7,0,0,0,0,0,0,3,11,0
4001,1946,PhD,Together,64014.0,2,1,2014-10-06,56,406,0,30,0,0,8,7,8,2,5,7,0,0,0,1,0,0,3,11,0
